{
  "N": 61,
  "L": 497,
  "D": 22,
  "AVGSWAPS": 169.358314,
  "STDERR": 0.004640,
  "symmetric": false,
  "nw": [
    [0,26], [1,58], [2,37], [3,50], [4,32], [5,45], [6,57], [7,59], [8,49], [9,39], [10,18], [11,41], [12,34], [13,36], [14,54], [15,47], [19,42], [20,60], [21,44], [23,51], [24,38], [25,56], [27,40], [28,35], [29,53], [30,55], [31,48], [33,52], [43,46],
    [0,29], [1,27], [2,20], [3,7], [4,30], [5,31], [6,28], [9,33], [10,12], [13,23], [14,24], [16,41], [17,49], [18,34], [19,25], [21,43], [22,47], [26,53], [32,55], [35,57], [36,51], [37,60], [38,54], [39,52], [40,58], [42,56], [44,46], [45,48], [50,59],
    [0,21], [1,13], [2,14], [3,10], [5,19], [7,29], [8,32], [11,35], [12,43], [15,39], [16,28], [17,30], [18,44], [20,38], [22,33], [23,40], [24,37], [25,45], [26,50], [27,36], [31,42], [34,59], [41,57], [46,53], [47,52], [48,56], [49,55], [51,58], [54,60],
    [0,3], [4,23], [6,20], [7,18], [8,27], [9,25], [10,21], [11,24], [12,26], [13,17], [14,16], [15,31], [19,22], [28,38], [29,44], [30,40], [32,51], [33,45], [34,46], [35,54], [36,49], [37,41], [39,48], [42,47], [43,50], [52,56], [53,59], [55,58], [57,60],
    [1,8], [2,11], [3,10], [4,13], [5,15], [6,14], [7,12], [9,19], [16,35], [17,32], [18,43], [20,37], [21,34], [22,39], [23,36], [24,28], [25,42], [26,29], [27,30], [31,33], [38,54], [40,51], [41,57], [44,50], [45,48], [46,53], [47,52], [49,55], [56,60],
    [1,4], [2,6], [3,7], [5,9], [8,13], [10,12], [11,14], [15,19], [16,24], [17,27], [18,26], [22,31], [28,37], [29,43], [30,36], [33,42], [38,41], [40,49], [44,46], [45,47], [48,52], [50,53], [51,55], [54,57],
    [0,2], [1,5], [4,8], [6,11], [7,10], [9,15], [12,21], [13,23], [14,20], [19,25], [32,40], [34,44], [35,38], [39,45], [41,54], [46,50], [47,48], [49,51], [52,57], [53,58],
    [0,1], [2,5], [3,6], [4,9], [12,18], [13,17], [14,16], [19,22], [20,24], [21,26], [23,27], [25,31], [28,35], [29,34], [30,32], [33,39], [36,40], [37,38], [42,45], [43,44], [48,54], [50,55], [53,56], [58,60],
    [1,2], [3,4], [6,9], [8,13], [10,12], [11,14], [15,19], [16,20], [17,23], [18,21], [22,25], [24,28], [26,29], [27,30], [31,33], [32,36], [34,43], [35,37], [38,41], [39,42], [40,49], [44,46], [45,47], [50,52], [55,57], [56,58],
    [4,6], [7,11], [8,15], [10,14], [12,17], [13,19], [16,22], [20,24], [21,26], [23,27], [25,31], [28,35], [29,34], [30,32], [33,39], [36,42], [38,43], [40,45], [41,59], [46,51], [47,49], [52,55],
    [7,8], [10,13], [11,15], [12,16], [14,19], [17,22], [18,23], [20,25], [21,27], [24,31], [29,35], [30,33], [32,39], [34,37], [38,40], [41,47], [43,45], [46,48], [49,59], [51,54],
    [1,12], [8,11], [13,14], [16,46], [18,20], [21,24], [23,25], [26,30], [27,31], [28,33], [29,32], [34,36], [35,39], [37,42], [40,43], [45,58], [47,49], [48,51], [57,59],
    [1,3], [2,29], [4,18], [6,34], [8,21], [11,38], [15,40], [17,46], [19,30], [20,50], [22,48], [24,53], [25,52], [31,56], [32,35], [33,44], [36,37], [39,51], [42,55],
    [2,12], [5,32], [6,18], [9,36], [11,21], [15,24], [17,29], [19,28], [23,50], [27,53], [30,47], [31,40], [33,41], [35,46], [39,48], [42,52], [44,49], [45,56], [55,57],
    [2,7], [5,16], [6,10], [9,20], [14,33], [19,26], [22,32], [23,34], [25,36], [27,38], [28,41], [37,50], [43,53], [44,47], [49,52], [54,56],
    [2,3], [4,7], [5,17], [9,23], [13,19], [15,27], [16,29], [20,34], [22,35], [24,38], [25,37], [28,33], [31,43], [32,46], [36,50], [40,53], [41,44], [54,55], [56,57],
    [5,12], [9,18], [14,19], [15,21], [16,17], [20,23], [22,29], [24,27], [25,34], [26,28], [30,33], [31,38], [32,35], [36,37], [39,46], [40,43], [42,50], [45,53], [52,54], [56,58],
    [5,8], [9,13], [11,12], [14,18], [15,16], [17,21], [19,26], [22,24], [27,29], [28,30], [31,32], [33,41], [35,38], [39,40], [42,44], [43,46], [45,48], [47,50], [51,53], [58,59],
    [5,7], [8,10], [9,11], [12,15], [13,14], [16,18], [19,20], [23,26], [25,28], [29,31], [30,34], [33,36], [37,41], [40,42], [44,46], [45,47], [48,50], [49,51], [52,53], [57,58], [59,60],
    [5,6], [9,10], [12,13], [14,15], [17,19], [20,22], [21,23], [24,26], [25,27], [28,30], [32,34], [33,35], [36,38], [37,39], [41,43], [44,45], [46,47], [49,50], [53,54],
    [4,5], [6,7], [8,9], [10,11], [13,14], [16,17], [18,19], [20,21], [22,23], [24,25], [26,27], [28,29], [30,31], [32,33], [34,35], [36,37], [38,39], [40,41], [42,43], [45,46], [48,49], [50,51], [54,55],
    [3,4], [7,8], [11,12], [15,16], [17,18], [19,20], [21,22], [23,24], [25,26], [27,28], [29,30], [31,32], [33,34], [35,36], [37,38], [39,40], [41,42], [43,44], [47,48], [51,52], [55,56]
  ]
}
