{
  "N": 39,
  "L": 259,
  "D": 17,
  "AVGSWAPS": 86.554525,
  "STDERR": 0.002473,
  "symmetric": false,
  "nw": [
    [0,18], [1,27], [2,33], [3,7], [4,31], [5,17], [6,30], [8,36], [9,23], [10,15], [11,29], [12,34], [13,35], [14,19], [16,37], [20,25], [21,28], [22,38], [24,26],
    [0,4], [1,14], [2,9], [3,11], [5,24], [6,16], [7,29], [8,21], [10,22], [12,20], [13,32], [15,38], [17,26], [18,31], [19,27], [23,33], [25,34], [28,36], [30,37],
    [0,3], [1,12], [2,10], [4,11], [5,6], [7,18], [8,13], [9,22], [14,20], [15,23], [16,24], [17,30], [19,25], [21,32], [26,37], [27,34], [28,35], [29,31], [33,38],
    [0,5], [2,8], [3,6], [4,16], [7,17], [9,21], [10,13], [11,24], [12,19], [15,28], [18,30], [20,27], [22,32], [23,35], [26,29], [31,37], [33,36],
    [0,2], [3,10], [4,9], [5,8], [6,13], [7,15], [11,22], [16,21], [17,28], [18,23], [24,32], [26,33], [29,36], [30,35], [31,38],
    [1,5], [4,7], [6,26], [8,14], [9,15], [11,17], [13,33], [16,18], [21,23], [22,28], [24,30], [25,31], [32,35], [34,38],
    [2,5], [3,8], [6,11], [9,16], [13,22], [14,18], [17,26], [21,25], [23,30], [28,33], [31,36], [34,37],
    [1,2], [5,14], [6,12], [8,10], [13,20], [19,26], [25,34], [27,33], [29,31], [37,38],
    [0,1], [2,3], [4,6], [5,8], [10,15], [11,19], [12,16], [13,21], [18,26], [20,28], [23,27], [24,29], [31,34], [33,35], [36,37],
    [1,2], [3,5], [7,11], [9,13], [10,23], [14,19], [16,29], [17,21], [18,22], [20,25], [26,30], [28,32], [34,36], [37,38],
    [1,4], [5,7], [6,9], [8,11], [10,14], [12,17], [15,19], [16,21], [18,23], [20,24], [22,27], [25,29], [28,31], [30,33], [32,34], [35,38],
    [2,5], [3,6], [8,10], [9,12], [11,15], [13,16], [14,18], [17,20], [19,22], [21,25], [23,26], [24,28], [27,30], [29,31], [33,36], [34,37],
    [2,4], [6,8], [7,10], [11,14], [13,17], [15,18], [16,20], [19,23], [21,24], [22,26], [25,28], [29,32], [31,33], [35,37],
    [3,4], [7,9], [10,12], [11,13], [14,16], [15,17], [18,20], [19,21], [22,24], [23,25], [26,28], [27,29], [30,32], [35,36],
    [4,5], [6,7], [8,11], [9,10], [12,13], [14,15], [16,18], [17,19], [20,22], [21,23], [24,25], [26,27], [28,31], [29,30], [32,33], [34,35],
    [5,7], [8,9], [10,11], [12,14], [13,15], [16,17], [18,19], [20,21], [22,23], [24,26], [25,27], [28,29], [30,31], [32,34],
    [5,6], [7,8], [9,10], [11,12], [13,14], [15,16], [17,18], [19,20], [21,22], [23,24], [25,26], [27,28], [29,30], [31,32], [33,34]
  ]
}
