{
  "N": 54,
  "L": 421,
  "D": 20,
  "AVGSWAPS": 144.587370,
  "STDERR": 0.003546,
  "symmetric": true,
  "nw": [
    [0,41], [1,43], [2,37], [3,48], [4,24], [5,50], [6,14], [7,28], [8,31], [9,32], [10,52], [11,26], [12,53], [13,23], [15,17], [16,51], [18,19], [20,33], [21,44], [22,45], [25,46], [27,42], [29,49], [30,40], [34,35], [36,38], [39,47],
    [0,22], [1,36], [2,5], [3,16], [4,9], [6,11], [7,25], [8,12], [10,15], [13,34], [14,26], [17,52], [18,30], [19,40], [21,29], [23,35], [24,32], [27,39], [28,46], [31,53], [37,50], [38,43], [41,45], [42,47], [44,49], [48,51],
    [0,18], [1,21], [2,6], [3,27], [4,10], [5,30], [8,13], [9,36], [11,22], [12,39], [14,41], [15,29], [16,34], [17,44], [19,37], [20,28], [23,48], [24,38], [25,33], [26,50], [31,42], [32,52], [35,53], [40,45], [43,49], [47,51],
    [0,2], [1,4], [3,8], [5,14], [6,18], [7,20], [9,17], [10,21], [11,19], [12,23], [13,27], [15,24], [16,31], [22,37], [25,28], [26,40], [29,38], [30,41], [32,43], [33,46], [34,42], [35,47], [36,44], [39,48], [45,50], [49,52], [51,53],
    [0,3], [1,7], [2,6], [4,10], [5,11], [8,13], [9,15], [12,16], [14,22], [17,29], [18,26], [19,30], [20,25], [21,32], [23,34], [24,36], [27,35], [28,33], [31,39], [37,41], [38,44], [40,45], [42,48], [43,49], [46,52], [47,51], [50,53],
    [0,1], [2,5], [3,7], [4,9], [6,11], [8,12], [10,15], [13,16], [14,19], [17,24], [22,30], [23,31], [29,36], [34,39], [37,40], [38,43], [41,45], [42,47], [44,49], [46,50], [48,51], [52,53],
    [1,3], [2,8], [5,6], [9,10], [11,18], [12,13], [15,21], [16,27], [26,37], [32,38], [35,42], [40,41], [43,44], [45,51], [47,48], [50,52],
    [2,4], [5,12], [9,25], [11,14], [15,17], [16,23], [18,19], [21,24], [22,26], [27,31], [28,44], [29,32], [30,37], [34,35], [36,38], [39,42], [41,48], [49,51],
    [5,9], [6,11], [10,15], [12,25], [13,16], [14,18], [17,21], [19,22], [23,27], [24,29], [26,30], [28,41], [31,34], [32,36], [35,39], [37,40], [38,43], [42,47], [44,48],
    [3,5], [6,13], [8,28], [9,12], [10,20], [11,16], [14,23], [18,19], [21,24], [22,26], [25,45], [27,31], [29,32], [30,39], [33,43], [34,35], [37,42], [40,47], [41,44], [48,50],
    [4,8], [6,10], [7,29], [11,15], [13,20], [17,23], [18,27], [19,31], [22,34], [24,46], [26,35], [30,36], [33,40], [38,42], [43,47], [45,49],
    [2,6], [7,22], [8,26], [10,13], [11,33], [12,30], [15,16], [17,28], [18,21], [19,24], [20,42], [23,41], [25,36], [27,45], [29,34], [31,46], [32,35], [37,38], [40,43], [47,51],
    [1,2], [4,6], [5,7], [9,18], [10,19], [13,37], [14,17], [15,33], [16,40], [20,38], [21,27], [22,29], [23,28], [24,31], [25,30], [26,32], [34,43], [35,44], [36,39], [46,48], [47,49], [51,52],
    [2,11], [6,14], [7,22], [12,18], [13,19], [16,33], [17,26], [20,37], [21,25], [27,36], [28,32], [31,46], [34,40], [35,41], [39,47], [42,51],
    [2,3], [5,11], [7,15], [8,17], [16,22], [20,24], [23,26], [27,30], [29,33], [31,37], [36,45], [38,46], [42,48], [50,51],
    [4,5], [7,11], [8,14], [15,18], [16,21], [17,20], [19,23], [22,27], [24,28], [25,29], [26,31], [30,34], [32,37], [33,36], [35,38], [39,45], [42,46], [48,49],
    [3,4], [7,9], [8,10], [11,12], [13,14], [15,16], [17,19], [18,21], [20,23], [22,25], [24,26], [27,29], [28,31], [30,33], [32,35], [34,36], [37,38], [39,40], [41,42], [43,45], [44,46], [49,50],
    [5,7], [6,8], [9,11], [10,13], [12,15], [14,17], [16,18], [19,20], [21,22], [23,24], [25,27], [26,28], [29,30], [31,32], [33,34], [35,37], [36,39], [38,41], [40,43], [42,44], [45,47], [46,48],
    [6,7], [8,9], [10,11], [12,13], [14,15], [16,17], [18,19], [20,21], [22,23], [24,25], [26,27], [28,29], [30,31], [32,33], [34,35], [36,37], [38,39], [40,41], [42,43], [44,45], [46,47],
    [5,6], [7,8], [9,10], [11,12], [13,14], [15,16], [17,18], [19,20], [21,22], [23,24], [25,26], [27,28], [29,30], [31,32], [33,34], [35,36], [37,38], [39,40], [41,42], [43,44], [45,46], [47,48]
  ]
}
