{
  "N": 25,
  "L": 130,
  "D": 15,
  "AVGSWAPS": 46.814706,
  "STDERR": 0.001683,
  "symmetric": false,
  "nw": [
    [0,24], [1,13], [2,12], [3,23], [4,15], [5,14], [6,19], [7,21], [8,11], [9,17], [10,20], [16,22],
    [0,5], [1,9], [2,8], [3,19], [4,16], [7,10], [11,12], [13,17], [14,24], [15,22], [18,23], [20,21],
    [0,7], [2,4], [3,9], [5,10], [6,18], [8,16], [11,15], [12,22], [14,20], [19,23], [21,24],
    [0,2], [1,6], [4,7], [5,8], [9,18], [10,16], [11,14], [12,21], [13,19], [15,20], [17,23], [22,24],
    [3,11], [9,12], [10,17], [15,18], [16,21], [23,24],
    [1,3], [9,13], [10,14], [16,22], [17,20], [18,21],
    [0,1], [2,9], [3,5], [6,16], [8,17], [19,22], [21,23],
    [1,3], [6,11], [8,15], [12,19], [16,21], [20,22],
    [4,6], [7,12], [8,10], [11,14], [13,15], [16,18], [17,19], [20,21], [22,23],
    [2,4], [5,7], [6,9], [11,13], [12,15], [14,17], [19,20], [21,22],
    [1,2], [3,4], [5,8], [6,11], [7,10], [9,13], [12,14], [16,19], [17,18],
    [2,3], [5,6], [7,11], [8,9], [10,13], [12,16], [15,17],
    [3,5], [4,7], [6,8], [9,11], [10,12], [13,15], [14,16], [17,18],
    [4,6], [7,8], [9,10], [11,12], [13,14], [15,16], [17,19], [18,20],
    [4,5], [6,7], [8,9], [10,11], [12,13], [14,15], [16,17], [18,19], [20,21]
  ]
}
