{
  "N": 50,
  "L": 376,
  "D": 21,
  "AVGSWAPS": 127.170691,
  "STDERR": 0.003757,
  "symmetric": false,
  "nw": [
    [0,40], [1,46], [2,25], [3,36], [4,31], [5,32], [6,26], [7,38], [8,16], [9,20], [10,49], [11,37], [12,42], [13,23], [14,28], [15,47], [17,48], [18,39], [19,44], [22,41], [24,43], [29,34], [30,33], [35,45],
    [0,10], [1,30], [3,13], [5,17], [6,22], [7,35], [8,29], [9,18], [11,15], [14,24], [16,34], [20,39], [21,42], [23,36], [26,41], [27,44], [28,43], [32,48], [33,46], [37,47], [38,45], [40,49],
    [0,8], [1,11], [2,21], [3,7], [4,27], [5,14], [10,29], [13,35], [15,26], [16,40], [17,20], [23,38], [24,32], [25,42], [30,37], [31,44], [34,49], [36,45], [39,48], [41,47],
    [1,6], [5,9], [11,30], [12,34], [14,24], [15,33], [17,28], [18,32], [19,36], [20,39], [21,29], [22,37], [25,40], [26,41], [27,35], [31,38], [42,49], [43,48], [44,45], [46,47],
    [1,5], [2,12], [4,19], [6,15], [9,17], [10,25], [11,22], [13,31], [14,18], [16,21], [23,27], [28,39], [29,40], [32,43], [33,41], [34,42], [35,38], [36,44], [37,46],
    [0,2], [3,4], [6,11], [7,19], [8,12], [9,14], [15,30], [17,24], [20,32], [21,25], [26,37], [27,31], [29,34], [35,36], [38,44], [39,43], [40,42], [41,46],
    [0,3], [2,10], [4,13], [7,23], [8,16], [11,15], [12,29], [14,17], [18,24], [19,35], [20,28], [22,30], [26,33], [32,39], [34,40], [36,38], [37,41], [42,47], [44,48],
    [0,1], [2,8], [4,7], [10,16], [12,21], [13,23], [18,20], [19,27], [22,26], [24,28], [25,29], [30,33], [31,35], [38,43], [40,46], [42,44], [47,48],
    [2,6], [4,9], [7,13], [8,10], [12,16], [15,22], [17,18], [19,23], [20,24], [21,25], [26,30], [27,31], [28,32], [29,34], [33,37], [35,36], [38,40], [43,46], [44,47],
    [2,4], [6,9], [7,14], [8,11], [10,12], [13,19], [16,21], [18,22], [20,26], [23,27], [24,30], [25,31], [28,33], [29,35], [32,49], [34,41], [36,39], [37,45], [40,43],
    [3,18], [4,6], [7,8], [10,15], [11,14], [12,19], [13,17], [16,23], [21,27], [22,35], [25,28], [31,33], [32,37], [34,36], [39,41], [45,49],
    [1,3], [5,12], [8,11], [9,34], [10,13], [14,38], [15,17], [16,20], [21,24], [22,29], [23,26], [27,30], [28,31], [33,47], [36,39], [37,45], [48,49],
    [3,22], [4,16], [5,32], [6,9], [8,21], [11,14], [12,19], [13,15], [17,42], [18,29], [20,23], [24,27], [26,39], [30,43], [34,36], [35,45], [38,40], [46,48],
    [1,5], [6,16], [9,20], [11,21], [12,32], [13,25], [14,24], [15,17], [18,22], [19,37], [23,34], [26,36], [27,38], [30,40], [42,44], [43,45],
    [1,2], [3,5], [6,10], [9,16], [12,18], [14,21], [15,25], [17,28], [19,32], [20,23], [24,27], [26,34], [30,38], [31,42], [33,44], [35,37],
    [3,7], [5,12], [9,13], [15,16], [17,25], [19,22], [28,31], [29,32], [33,42], [37,40], [41,44],
    [2,3], [4,7], [5,8], [11,12], [13,15], [17,20], [18,19], [22,29], [23,25], [26,28], [31,34], [32,35], [33,36], [39,42], [41,43], [44,45],
    [5,7], [8,10], [9,11], [14,18], [19,21], [22,24], [27,29], [30,32], [35,38], [37,39], [40,42], [45,47],
    [5,6], [9,10], [12,14], [16,18], [17,19], [20,22], [21,23], [24,26], [25,27], [28,30], [29,31], [32,34], [33,35], [36,38], [40,41], [42,43], [45,46],
    [4,5], [6,7], [8,9], [10,11], [12,13], [14,15], [16,17], [18,19], [20,21], [22,23], [24,25], [26,27], [28,29], [30,31], [32,33], [34,35], [36,37], [38,39], [41,42], [44,45], [46,47],
    [3,4], [7,8], [11,12], [13,14], [15,16], [17,18], [19,20], [21,22], [23,24], [25,26], [27,28], [29,30], [31,32], [33,34], [35,36], [37,38], [39,40], [43,44], [47,48]
  ]
}
