{
  "N": 24,
  "L": 120,
  "D": 13,
  "AVGSWAPS": 43.062767,
  "STDERR": 0.001596,
  "symmetric": true,
  "nw": [
    [0,17], [1,18], [2,15], [3,11], [4,16], [5,22], [6,23], [7,19], [8,21], [9,10], [12,20], [13,14],
    [0,6], [1,5], [2,8], [3,12], [4,7], [9,13], [10,14], [11,20], [15,21], [16,19], [17,23], [18,22],
    [0,9], [1,4], [2,3], [5,16], [6,11], [7,18], [8,10], [12,17], [13,15], [14,23], [19,22], [20,21],
    [0,2], [3,9], [5,12], [6,13], [10,17], [11,18], [14,20], [21,23],
    [3,6], [4,9], [7,13], [8,12], [10,16], [11,15], [14,19], [17,20],
    [1,6], [2,4], [3,7], [5,8], [9,14], [10,13], [11,12], [15,18], [16,20], [17,22], [19,21],
    [0,1], [2,5], [4,10], [6,7], [9,11], [12,14], [13,19], [16,17], [18,21], [22,23],
    [1,3], [4,6], [5,9], [7,10], [8,11], [12,15], [13,16], [14,18], [17,19], [20,22],
    [1,2], [3,5], [4,8], [7,9], [10,11], [12,13], [14,16], [15,19], [18,20], [21,22],
    [2,3], [5,7], [6,8], [9,10], [13,14], [15,17], [16,18], [20,21],
    [3,4], [6,7], [8,12], [11,15], [16,17], [19,20],
    [4,5], [8,9], [10,12], [11,13], [14,15], [18,19],
    [5,6], [7,8], [9,10], [11,12], [13,14], [15,16], [17,18]
  ]
}
