{
  "N": 22,
  "L": 106,
  "D": 13,
  "AVGSWAPS": 38.092588,
  "STDERR": 0.001497,
  "symmetric": true,
  "nw": [
    [0,6], [1,14], [2,11], [3,13], [4,12], [5,16], [7,20], [8,18], [9,17], [10,19], [15,21],
    [0,8], [1,7], [2,9], [3,15], [4,10], [6,18], [11,17], [12,19], [13,21], [14,20],
    [0,2], [1,5], [3,4], [6,11], [7,14], [8,9], [10,15], [12,13], [16,20], [17,18], [19,21],
    [0,3], [2,10], [4,8], [5,14], [6,12], [7,16], [9,15], [11,19], [13,17], [18,21],
    [1,4], [5,8], [7,9], [12,14], [13,16], [17,20],
    [0,1], [3,7], [4,12], [5,6], [8,11], [9,17], [10,13], [14,18], [15,16], [20,21],
    [1,3], [2,4], [6,10], [8,12], [9,13], [11,15], [17,19], [18,20],
    [2,5], [4,7], [9,12], [14,17], [16,19],
    [1,2], [3,5], [4,6], [7,10], [11,14], [15,17], [16,18], [19,20],
    [2,3], [7,8], [9,11], [10,12], [13,14], [18,19],
    [5,7], [6,9], [8,10], [11,13], [12,15], [14,16],
    [4,5], [6,7], [8,9], [10,11], [12,13], [14,15], [16,17],
    [3,4], [5,6], [7,8], [9,10], [11,12], [13,14], [15,16], [17,18]
  ]
}
