{
  "N": 63,
  "L": 515,
  "D": 21,
  "AVGSWAPS": 179.892635,
  "STDERR": 0.004472,
  "symmetric": false,
  "nw": [
    [0,60], [1,45], [2,20], [3,23], [4,38], [5,41], [6,44], [7,51], [8,47], [9,28], [10,55], [11,39], [12,54], [14,48], [15,18], [16,62], [17,56], [19,59], [21,50], [22,53], [24,33], [25,26], [27,42], [29,61], [30,32], [31,58], [34,36], [35,57], [37,46], [40,49], [43,52],
    [0,5], [1,29], [2,37], [3,11], [4,31], [6,14], [7,21], [9,34], [10,19], [12,27], [13,47], [15,16], [17,43], [18,62], [20,46], [22,40], [23,39], [24,35], [25,30], [26,32], [28,36], [33,57], [38,58], [41,60], [42,54], [44,48], [45,61], [49,53], [50,51], [52,56], [55,59],
    [0,25], [1,12], [2,10], [3,24], [5,37], [6,22], [7,17], [8,38], [9,15], [11,43], [13,31], [14,34], [16,40], [18,49], [19,30], [20,41], [21,35], [23,52], [26,55], [27,45], [28,44], [29,42], [32,60], [33,50], [36,62], [39,57], [46,59], [47,58], [48,53], [51,56], [54,61],
    [0,2], [3,7], [4,27], [5,26], [6,9], [8,29], [10,25], [11,33], [12,13], [14,18], [15,22], [16,28], [17,24], [19,20], [21,23], [30,41], [31,45], [32,46], [34,49], [35,52], [36,48], [37,55], [38,54], [39,51], [40,44], [42,47], [43,50], [53,62], [56,57], [58,61], [59,60],
    [0,3], [1,8], [2,10], [4,12], [5,19], [7,17], [9,15], [11,21], [13,38], [14,16], [18,40], [20,37], [22,36], [23,43], [24,39], [25,32], [26,30], [27,42], [28,34], [29,31], [33,35], [41,55], [44,49], [45,54], [46,59], [47,58], [48,53], [50,52], [51,56], [57,62],
    [1,4], [2,5], [7,11], [8,12], [9,14], [10,19], [13,29], [15,16], [17,21], [18,28], [20,26], [23,33], [30,37], [31,42], [34,40], [35,43], [41,46], [44,48], [45,47], [49,53], [50,51], [52,56], [54,58], [55,59],
    [1,6], [2,7], [4,8], [5,10], [11,17], [12,27], [14,15], [16,22], [19,25], [21,24], [32,41], [36,44], [38,45], [39,50], [46,55], [47,54], [48,49], [51,52], [53,59], [56,61],
    [0,1], [3,6], [4,9], [5,11], [12,13], [16,18], [19,20], [21,23], [22,28], [24,33], [25,26], [27,29], [30,32], [31,38], [34,36], [35,39], [37,41], [40,44], [42,45], [43,50], [49,55], [52,58], [53,56], [59,61],
    [1,3], [2,4], [7,9], [8,12], [10,19], [13,27], [15,16], [17,21], [18,22], [20,25], [23,24], [26,30], [28,34], [29,31], [32,37], [33,35], [36,40], [38,42], [39,43], [41,46], [44,48], [45,47], [49,52], [50,51], [55,58], [56,59],
    [4,7], [8,14], [10,17], [13,21], [16,19], [18,20], [22,28], [24,33], [25,26], [27,29], [30,32], [31,38], [34,36], [35,39], [37,43], [40,45], [41,50], [46,48], [47,60], [51,54], [52,55],
    [5,8], [10,15], [11,14], [12,28], [13,16], [19,21], [22,25], [23,27], [24,29], [26,33], [30,35], [31,44], [32,39], [34,38], [36,42], [37,40], [43,45], [46,51], [47,57], [48,54], [60,62],
    [1,13], [8,11], [12,26], [15,41], [16,46], [17,31], [18,23], [20,27], [22,24], [25,29], [28,33], [30,34], [32,36], [35,38], [39,42], [40,43], [44,50], [45,59], [48,51], [57,60], [61,62],
    [1,2], [3,30], [4,18], [7,32], [8,22], [10,12], [11,37], [14,40], [15,17], [19,46], [21,48], [23,49], [24,53], [27,52], [28,47], [29,56], [31,44], [33,57], [34,35], [36,39], [38,51], [42,55], [50,60],
    [3,13], [6,34], [7,18], [9,36], [11,22], [12,15], [14,24], [19,30], [20,49], [25,53], [26,47], [29,40], [31,41], [35,46], [38,48], [42,52], [45,56], [50,57], [58,60],
    [3,5], [6,16], [7,10], [9,23], [17,31], [20,32], [21,34], [25,37], [26,28], [27,36], [33,47], [39,49], [41,44], [43,53], [54,56], [55,57], [60,61],
    [2,3], [5,7], [6,19], [9,20], [14,25], [16,30], [17,26], [21,35], [23,32], [24,37], [27,39], [28,31], [29,43], [33,41], [34,46], [36,49], [40,53], [44,47], [56,58], [57,59],
    [6,13], [9,18], [14,22], [15,17], [16,19], [20,23], [21,30], [24,25], [26,28], [27,32], [29,37], [31,33], [34,35], [36,39], [38,46], [40,43], [41,44], [42,49], [45,53], [47,50], [56,57], [58,59],
    [6,8], [9,12], [11,13], [14,16], [15,18], [17,20], [19,22], [21,24], [23,26], [25,30], [27,28], [29,34], [31,32], [33,36], [35,37], [38,40], [39,41], [42,44], [43,46], [45,48], [47,49], [50,52], [51,53], [57,58], [59,60],
    [4,6], [8,10], [9,11], [12,14], [13,15], [16,18], [17,19], [20,22], [21,23], [24,26], [25,27], [28,30], [29,31], [32,34], [33,35], [36,38], [37,39], [40,42], [41,43], [44,46], [45,47], [48,51], [49,50], [52,54], [53,55],
    [4,5], [6,7], [8,9], [10,11], [12,13], [14,15], [16,17], [18,19], [20,21], [22,23], [24,25], [26,27], [28,29], [30,31], [32,33], [34,35], [36,37], [38,39], [40,41], [42,43], [44,45], [46,47], [48,49], [50,51], [52,53], [54,55],
    [3,4], [5,6], [7,8], [9,10], [11,12], [13,14], [15,16], [17,18], [19,20], [21,22], [23,24], [25,26], [27,28], [29,30], [31,32], [33,34], [35,36], [37,38], [39,40], [41,42], [43,44], [45,46], [47,48], [49,50], [51,52], [53,54], [55,56]
  ]
}
