{
  "N": 57,
  "L": 454,
  "D": 21,
  "AVGSWAPS": 155.097119,
  "STDERR": 0.003893,
  "symmetric": false,
  "nw": [
    [0,41], [1,43], [2,28], [3,55], [4,48], [5,54], [6,29], [7,45], [8,17], [9,47], [10,24], [11,56], [12,33], [13,51], [14,21], [15,23], [16,36], [18,37], [19,25], [20,52], [22,50], [27,49], [30,53], [31,35], [32,44], [34,39], [38,46], [40,42],
    [0,15], [1,8], [3,18], [4,32], [5,38], [6,11], [7,34], [9,19], [10,16], [12,14], [13,31], [17,43], [20,40], [21,33], [23,41], [24,36], [25,47], [26,50], [27,30], [29,56], [35,51], [37,55], [39,45], [42,52], [44,48], [46,54], [49,53],
    [0,5], [1,20], [2,26], [3,13], [4,10], [6,12], [7,27], [8,32], [11,30], [14,34], [15,38], [16,40], [17,44], [18,25], [21,39], [23,46], [24,42], [28,50], [29,49], [31,37], [33,56], [36,48], [41,54], [43,52], [45,53], [47,55],
    [1,4], [3,9], [6,7], [8,24], [10,20], [11,21], [12,27], [13,31], [14,29], [16,17], [18,35], [19,37], [22,41], [25,47], [26,38], [28,46], [30,39], [32,42], [33,45], [34,49], [36,43], [40,44], [48,52], [50,54], [51,55], [53,56],
    [2,22], [4,10], [7,12], [8,16], [9,18], [11,14], [13,19], [15,28], [17,32], [20,36], [21,34], [23,26], [24,40], [27,33], [29,30], [35,47], [37,51], [38,46], [39,49], [41,50], [42,44], [43,48], [45,53], [52,56],
    [0,2], [4,8], [5,22], [7,11], [9,13], [10,16], [12,14], [17,24], [18,31], [21,29], [25,37], [26,28], [30,34], [32,40], [38,41], [39,45], [42,43], [44,48], [46,50], [47,51], [49,53],
    [0,6], [2,15], [4,9], [5,23], [8,10], [11,12], [13,18], [14,27], [16,20], [19,31], [22,38], [25,35], [33,39], [36,42], [37,47], [41,46], [43,44], [45,49], [48,53], [50,55],
    [0,1], [2,5], [8,13], [14,21], [15,23], [16,17], [19,25], [20,24], [22,26], [27,29], [28,38], [30,33], [31,35], [32,36], [34,39], [40,42], [44,49], [46,51], [55,56],
    [2,7], [5,15], [10,16], [12,14], [17,20], [18,19], [21,27], [22,23], [24,32], [25,31], [26,28], [29,30], [33,34], [35,37], [36,40], [38,41], [39,45], [42,43], [51,53],
    [2,4], [3,16], [5,11], [7,9], [10,18], [15,22], [17,21], [20,24], [23,26], [27,29], [28,35], [30,33], [32,36], [34,40], [37,54], [39,42], [41,47], [43,45],
    [4,7], [5,8], [11,13], [12,15], [14,22], [19,32], [20,27], [23,25], [24,29], [26,31], [30,38], [33,36], [35,52], [37,43], [40,46], [42,50], [45,54], [47,49],
    [1,30], [3,14], [6,19], [8,11], [10,12], [15,18], [16,22], [17,23], [20,26], [24,28], [25,44], [31,48], [32,38], [34,40], [36,41], [39,42], [43,45], [52,55],
    [0,3], [1,6], [4,17], [8,20], [11,34], [12,15], [13,40], [16,37], [18,42], [19,32], [21,23], [22,43], [26,27], [28,29], [33,36], [38,45], [44,47], [48,51], [50,55],
    [1,3], [7,33], [9,36], [11,20], [12,24], [13,34], [14,37], [15,39], [19,30], [21,25], [23,44], [26,31], [27,48], [28,35], [29,52], [38,43], [41,47], [42,50], [46,51], [53,55],
    [1,2], [6,19], [7,17], [9,33], [13,26], [14,16], [15,24], [18,39], [22,37], [23,25], [27,31], [29,35], [30,32], [36,41], [40,46], [50,52], [51,54],
    [6,14], [7,10], [9,21], [13,20], [16,19], [18,28], [22,30], [23,33], [25,36], [27,34], [29,39], [31,40], [32,37], [35,42], [41,44], [46,48], [49,52], [54,55],
    [3,6], [9,17], [14,16], [18,24], [19,22], [21,23], [25,33], [26,27], [28,29], [30,32], [31,34], [35,39], [36,41], [37,38], [40,46], [42,50], [45,48], [49,51], [52,54], [55,56],
    [3,5], [6,8], [9,12], [11,14], [13,16], [15,17], [18,21], [19,20], [22,26], [23,24], [25,28], [27,30], [29,33], [31,32], [34,37], [35,36], [38,40], [39,41], [42,44], [43,46], [47,50], [52,53],
    [2,3], [4,6], [5,7], [8,10], [9,11], [12,14], [13,15], [16,18], [17,19], [20,22], [21,23], [24,26], [25,27], [28,30], [29,31], [32,34], [33,35], [36,38], [37,39], [40,42], [41,43], [44,46], [45,47], [48,50], [53,54],
    [4,5], [6,7], [8,9], [10,11], [12,13], [14,15], [16,17], [18,19], [20,21], [22,23], [24,25], [26,27], [28,29], [30,31], [32,33], [34,35], [36,37], [38,39], [40,41], [42,43], [44,45], [46,47], [48,49], [50,51],
    [3,4], [5,6], [7,8], [9,10], [11,12], [13,14], [15,16], [17,18], [19,20], [21,22], [23,24], [25,26], [27,28], [29,30], [31,32], [33,34], [35,36], [37,38], [39,40], [41,42], [43,44], [45,46], [47,48], [49,50], [51,52]
  ]
}
