{
  "N": 44,
  "L": 309,
  "D": 19,
  "AVGSWAPS": 104.428902,
  "STDERR": 0.002876,
  "symmetric": true,
  "nw": [
    [0,36], [1,12], [2,17], [3,29], [4,32], [5,9], [6,30], [7,43], [8,22], [10,20], [11,39], [13,37], [14,40], [15,18], [16,24], [19,27], [21,35], [23,33], [25,28], [26,41], [31,42], [34,38],
    [0,16], [1,21], [2,6], [3,14], [4,15], [5,10], [7,19], [8,31], [9,20], [11,25], [12,35], [13,26], [17,30], [18,32], [22,42], [23,34], [24,36], [27,43], [28,39], [29,40], [33,38], [37,41],
    [0,5], [1,8], [2,11], [4,13], [6,25], [7,23], [9,24], [10,16], [12,22], [15,26], [17,28], [18,37], [19,34], [20,36], [21,31], [27,33], [30,39], [32,41], [35,42], [38,43],
    [0,2], [1,3], [4,7], [5,11], [6,10], [8,21], [9,17], [12,29], [13,23], [14,31], [15,19], [16,25], [18,27], [20,30], [22,35], [24,28], [26,34], [32,38], [33,37], [36,39], [40,42], [41,43],
    [0,4], [2,7], [3,12], [5,13], [6,15], [8,14], [9,18], [10,19], [11,23], [16,26], [17,27], [20,32], [24,33], [25,34], [28,37], [29,35], [30,38], [31,40], [36,41], [39,43],
    [0,1], [2,5], [3,8], [6,9], [7,13], [10,24], [11,20], [12,21], [15,18], [16,17], [19,33], [22,31], [23,32], [25,28], [26,27], [30,36], [34,37], [35,40], [38,41], [42,43],
    [1,4], [7,18], [8,12], [10,16], [14,22], [17,24], [19,26], [21,29], [25,36], [27,33], [31,35], [39,42],
    [3,7], [4,9], [5,12], [8,15], [13,22], [14,23], [20,29], [21,30], [28,35], [31,38], [34,39], [36,40],
    [2,8], [3,6], [4,5], [7,28], [9,20], [11,14], [12,18], [13,16], [15,36], [23,34], [25,31], [27,30], [29,32], [35,41], [37,40], [38,39],
    [1,2], [5,9], [6,11], [7,17], [8,13], [12,15], [14,21], [19,23], [20,24], [22,29], [26,36], [28,31], [30,35], [32,37], [34,38], [41,42],
    [1,3], [2,4], [5,8], [7,11], [9,13], [10,14], [16,20], [17,21], [18,24], [19,25], [22,26], [23,27], [29,33], [30,34], [32,36], [35,38], [39,41], [40,42],
    [2,3], [4,6], [8,9], [12,16], [14,19], [15,20], [17,25], [18,26], [23,28], [24,29], [27,31], [34,35], [37,39], [40,41],
    [4,10], [5,6], [9,12], [11,17], [13,16], [18,22], [19,23], [20,24], [21,25], [26,32], [27,30], [31,34], [33,39], [37,38],
    [3,4], [6,8], [7,10], [11,14], [15,18], [17,19], [20,22], [21,23], [24,26], [25,28], [29,32], [33,36], [35,37], [39,40],
    [4,5], [7,9], [8,10], [13,15], [16,18], [19,21], [22,24], [25,27], [28,30], [33,35], [34,36], [38,39],
    [6,7], [10,12], [11,13], [14,16], [15,17], [18,20], [23,25], [26,28], [27,29], [30,32], [31,33], [36,37],
    [5,6], [9,11], [12,15], [13,14], [16,17], [18,19], [20,21], [22,23], [24,25], [26,27], [28,31], [29,30], [32,34], [37,38],
    [8,9], [10,11], [12,13], [14,15], [16,18], [17,20], [19,22], [21,24], [23,26], [25,27], [28,29], [30,31], [32,33], [34,35],
    [7,8], [9,10], [11,12], [13,14], [15,16], [17,18], [19,20], [21,22], [23,24], [25,26], [27,28], [29,30], [31,32], [33,34], [35,36]
  ]
}
