{
  "N": 40,
  "L": 265,
  "D": 17,
  "AVGSWAPS": 91.536855,
  "STDERR": 0.002350,
  "symmetric": true,
  "nw": [
    [0,30], [1,27], [2,7], [3,35], [4,36], [5,26], [6,17], [8,15], [9,39], [10,28], [11,29], [12,38], [13,34], [14,19], [16,18], [20,25], [21,23], [22,33], [24,31], [32,37],
    [0,4], [1,14], [2,11], [3,9], [5,21], [6,24], [7,29], [8,22], [10,32], [12,20], [13,16], [15,33], [17,31], [18,34], [19,27], [23,26], [25,38], [28,37], [30,36], [35,39],
    [0,10], [1,12], [2,3], [4,32], [5,6], [7,35], [8,13], [9,11], [14,20], [15,18], [16,22], [17,23], [19,25], [21,24], [26,31], [27,38], [28,30], [29,39], [33,34], [36,37],
    [0,8], [2,5], [3,6], [4,16], [7,17], [9,21], [10,13], [11,24], [12,19], [15,28], [18,30], [20,27], [22,32], [23,35], [26,29], [31,39], [33,36], [34,37],
    [0,2], [3,10], [4,9], [5,8], [6,13], [7,15], [11,22], [16,21], [17,28], [18,23], [24,32], [26,33], [29,36], [30,35], [31,34], [37,39],
    [1,5], [4,7], [6,26], [8,14], [9,15], [11,17], [13,33], [16,18], [21,23], [22,28], [24,30], [25,31], [32,35], [34,38],
    [2,5], [3,8], [6,11], [9,16], [13,22], [14,18], [17,26], [21,25], [23,30], [28,33], [31,36], [34,37],
    [1,2], [5,14], [6,12], [8,10], [13,20], [19,26], [25,34], [27,33], [29,31], [37,38],
    [0,1], [2,3], [4,6], [5,8], [10,15], [11,19], [12,16], [13,21], [18,26], [20,28], [23,27], [24,29], [31,34], [33,35], [36,37], [38,39],
    [1,2], [3,5], [7,11], [9,13], [10,23], [14,19], [16,29], [17,21], [18,22], [20,25], [26,30], [28,32], [34,36], [37,38],
    [1,4], [5,7], [6,9], [8,11], [10,14], [12,17], [15,19], [16,21], [18,23], [20,24], [22,27], [25,29], [28,31], [30,33], [32,34], [35,38],
    [2,5], [3,6], [8,10], [9,12], [11,15], [13,16], [14,18], [17,20], [19,22], [21,25], [23,26], [24,28], [27,30], [29,31], [33,36], [34,37],
    [2,4], [6,8], [7,10], [11,14], [13,17], [15,18], [16,20], [19,23], [21,24], [22,26], [25,28], [29,32], [31,33], [35,37],
    [3,4], [7,9], [10,12], [11,13], [14,16], [15,17], [18,20], [19,21], [22,24], [23,25], [26,28], [27,29], [30,32], [35,36],
    [4,5], [6,7], [8,11], [9,10], [12,13], [14,15], [16,18], [17,19], [20,22], [21,23], [24,25], [26,27], [28,31], [29,30], [32,33], [34,35],
    [5,7], [8,9], [10,11], [12,14], [13,15], [16,17], [18,19], [20,21], [22,23], [24,26], [25,27], [28,29], [30,31], [32,34],
    [5,6], [7,8], [9,10], [11,12], [13,14], [15,16], [17,18], [19,20], [21,22], [23,24], [25,26], [27,28], [29,30], [31,32], [33,34]
  ]
}
