{
  "N": 33,
  "L": 199,
  "D": 16,
  "AVGSWAPS": 71.895080,
  "STDERR": 0.002230,
  "symmetric": false,
  "nw": [
    [0,28], [1,21], [2,10], [3,14], [4,23], [5,12], [6,26], [7,9], [8,24], [11,29], [13,27], [15,18], [16,20], [17,32], [22,31], [25,30],
    [0,17], [1,7], [2,4], [3,25], [5,11], [6,15], [8,13], [9,21], [10,23], [12,29], [14,30], [16,22], [18,26], [20,31], [24,27], [28,32],
    [0,6], [1,8], [2,3], [4,25], [5,16], [7,13], [9,24], [10,14], [11,22], [12,20], [15,17], [18,28], [21,27], [23,30], [26,32], [29,31],
    [0,2], [1,5], [3,6], [4,15], [7,11], [8,16], [9,12], [10,18], [13,22], [14,28], [17,25], [20,24], [21,29], [23,26], [27,31], [30,32],
    [0,1], [2,5], [3,8], [4,7], [6,16], [9,10], [11,15], [12,18], [13,17], [14,20], [21,23], [22,25], [24,28], [26,29], [27,30], [31,32],
    [1,4], [3,9], [5,12], [6,11], [7,14], [8,21], [10,13], [15,24], [16,26], [17,27], [18,22], [19,30], [20,23], [25,29], [28,31],
    [1,3], [4,9], [5,8], [6,10], [11,12], [13,16], [15,19], [17,20], [22,26], [24,27], [25,28], [29,31],
    [5,6], [8,14], [10,21], [11,17], [15,18], [16,24], [22,23], [25,26], [28,30],
    [6,9], [7,15], [8,10], [17,21], [18,20], [19,25], [23,27], [30,31],
    [2,7], [13,15], [14,18], [19,22], [20,24], [25,28], [31,32],
    [2,4], [7,9], [11,13], [12,15], [14,17], [16,19], [18,21], [20,22], [23,25], [24,26], [28,29],
    [1,2], [4,5], [6,7], [8,11], [10,13], [12,16], [15,19], [23,24], [27,28], [29,30],
    [0,1], [3,6], [7,11], [9,13], [12,14], [15,17], [16,18], [19,21], [20,23], [25,27],
    [2,3], [5,7], [6,8], [9,11], [10,12], [13,14], [15,16], [17,19], [18,20], [21,22], [24,25], [26,27],
    [3,4], [5,6], [7,8], [9,10], [11,12], [13,15], [14,16], [17,18], [19,20], [21,23], [22,24], [25,26], [27,28],
    [4,5], [6,7], [8,9], [10,11], [12,13], [14,15], [16,17], [18,19], [20,21], [22,23], [24,25], [28,29]
  ]
}
