{
  "N": 46,
  "L": 332,
  "D": 19,
  "AVGSWAPS": 111.215489,
  "STDERR": 0.002793,
  "symmetric": false,
  "nw": [
    [0,13], [1,18], [2,33], [3,41], [4,27], [5,38], [6,30], [7,42], [8,37], [9,19], [10,16], [11,35], [12,25], [14,44], [15,39], [17,26], [20,24], [21,45], [22,40], [23,34], [29,43], [31,32],
    [0,20], [1,8], [2,12], [3,11], [4,5], [6,21], [7,28], [9,31], [10,22], [13,24], [14,17], [15,29], [16,40], [18,37], [19,32], [23,36], [25,33], [26,44], [27,38], [30,45], [35,41], [39,43],
    [0,15], [1,14], [2,6], [3,9], [4,10], [5,31], [7,23], [8,36], [11,22], [12,29], [13,30], [16,35], [17,28], [18,34], [19,27], [20,21], [24,43], [25,39], [26,42], [32,41], [33,45], [37,44], [38,40],
    [0,2], [1,7], [3,4], [5,16], [6,15], [8,26], [9,10], [11,19], [12,13], [14,23], [17,18], [20,25], [21,39], [22,27], [24,33], [28,34], [29,30], [31,35], [32,38], [36,42], [40,41], [43,45],
    [0,3], [2,6], [4,9], [5,11], [7,14], [8,17], [10,32], [12,20], [13,21], [15,24], [16,22], [18,36], [19,31], [23,37], [25,29], [26,28], [27,35], [30,39], [33,43], [34,42], [38,40], [41,45],
    [0,1], [2,12], [4,5], [6,20], [7,8], [9,11], [10,23], [13,25], [14,17], [16,19], [18,26], [21,29], [22,31], [24,32], [27,38], [28,36], [30,33], [34,44], [35,40], [39,43],
    [1,3], [2,7], [5,12], [6,14], [10,15], [11,20], [13,18], [19,26], [21,22], [27,34], [29,36], [32,37], [33,44], [35,42], [40,43],
    [2,4], [5,8], [9,14], [11,17], [13,16], [15,23], [19,25], [22,28], [24,32], [30,34], [31,36], [33,38], [39,42],
    [1,5], [3,13], [4,7], [6,9], [8,12], [15,19], [16,18], [17,20], [21,22], [25,26], [27,30], [28,32], [29,31], [34,43], [35,39], [36,41], [38,44], [42,45],
    [1,2], [3,6], [4,11], [5,10], [7,27], [13,24], [14,21], [19,25], [20,40], [22,28], [23,36], [26,33], [37,42], [41,44],
    [2,3], [4,5], [7,11], [8,14], [9,13], [10,16], [12,26], [17,24], [20,25], [21,35], [22,27], [23,30], [31,37], [33,39], [34,40], [36,38], [42,43], [44,45],
    [3,4], [5,6], [7,9], [8,10], [12,17], [16,21], [18,23], [20,22], [24,29], [25,27], [26,31], [30,35], [37,39], [38,40], [41,42], [43,44],
    [4,5], [6,8], [10,11], [12,15], [16,20], [17,19], [18,24], [21,22], [23,29], [25,26], [27,31], [28,30], [32,35], [34,37], [39,41], [42,43],
    [8,9], [10,12], [11,14], [13,18], [15,17], [19,24], [21,25], [22,26], [23,28], [29,36], [30,32], [33,34], [35,37], [38,39],
    [7,10], [9,12], [11,16], [13,15], [14,20], [17,18], [19,23], [24,28], [27,33], [29,30], [31,34], [32,36], [35,38], [37,40],
    [6,7], [11,13], [14,17], [15,16], [18,20], [19,21], [22,24], [23,25], [26,28], [27,29], [30,33], [31,32], [34,36], [40,41],
    [5,6], [10,11], [12,14], [13,15], [16,17], [18,19], [20,21], [22,23], [24,25], [26,27], [28,29], [30,31], [32,34], [33,35], [36,37], [41,42],
    [8,10], [9,11], [12,13], [14,15], [16,18], [17,19], [20,22], [21,23], [24,26], [25,27], [28,30], [29,31], [32,33], [34,35], [36,38], [37,39],
    [7,8], [9,10], [11,12], [13,14], [15,16], [17,18], [19,20], [21,22], [23,24], [25,26], [27,28], [29,30], [31,32], [33,34], [35,36], [37,38], [39,40]
  ]
}
