{
  "N": 30,
  "L": 172,
  "D": 14,
  "AVGSWAPS": 61.425219,
  "STDERR": 0.002044,
  "symmetric": true,
  "nw": [
    [0,18], [1,14], [2,12], [3,16], [4,10], [5,20], [6,23], [7,8], [9,24], [11,29], [13,26], [15,28], [17,27], [19,25], [21,22],
    [0,21], [1,19], [2,9], [4,15], [5,17], [6,13], [7,11], [8,29], [10,28], [12,24], [14,25], [16,23], [18,22], [20,27],
    [0,4], [1,7], [3,9], [5,6], [8,14], [10,18], [11,19], [12,16], [13,17], [15,21], [20,26], [22,28], [23,24], [25,29],
    [0,5], [2,11], [3,7], [4,13], [6,15], [8,12], [9,19], [10,20], [14,23], [16,25], [17,21], [18,27], [22,26], [24,29],
    [1,5], [2,4], [3,6], [7,15], [8,10], [9,17], [11,13], [12,20], [14,22], [16,18], [19,21], [23,26], [24,28], [25,27],
    [0,2], [1,3], [4,7], [5,9], [6,11], [10,14], [12,16], [13,17], [15,19], [18,23], [20,24], [22,25], [26,28], [27,29],
    [0,1], [2,3], [4,8], [7,11], [10,12], [13,15], [14,16], [17,19], [18,22], [21,25], [26,27], [28,29],
    [1,2], [3,6], [5,8], [9,13], [12,14], [15,17], [16,20], [21,24], [23,26], [27,28],
    [3,5], [6,8], [7,9], [11,13], [16,18], [20,22], [21,23], [24,26],
    [2,3], [5,6], [7,8], [9,11], [13,15], [14,16], [18,20], [21,22], [23,24], [26,27],
    [4,5], [6,7], [8,9], [10,11], [12,13], [14,15], [16,17], [18,19], [20,21], [22,23], [24,25],
    [1,4], [6,10], [7,12], [8,14], [9,16], [11,18], [13,20], [15,21], [17,22], [19,23], [25,28],
    [2,4], [3,6], [5,7], [8,10], [9,12], [11,14], [13,16], [15,18], [17,20], [19,21], [22,24], [23,26], [25,27],
    [3,4], [5,6], [7,8], [9,10], [11,12], [13,14], [15,16], [17,18], [19,20], [21,22], [23,24], [25,26]
  ]
}
