{
  "N": 32,
  "L": 185,
  "D": 14,
  "AVGSWAPS": 67.440011,
  "STDERR": 0.002076,
  "symmetric": true,
  "nw": [
    [0,21], [1,26], [2,23], [3,27], [4,28], [5,30], [6,9], [7,20], [8,29], [10,31], [11,24], [12,13], [14,15], [16,17], [18,19], [22,25],
    [0,5], [1,10], [2,16], [3,12], [4,18], [6,7], [8,14], [9,20], [11,22], [13,27], [15,29], [17,23], [19,28], [21,30], [24,25], [26,31],
    [0,11], [1,6], [2,3], [4,8], [5,22], [7,10], [9,26], [12,16], [13,17], [14,18], [15,19], [20,31], [21,24], [23,27], [25,30], [28,29],
    [0,2], [1,4], [3,11], [5,12], [6,8], [7,14], [9,15], [10,18], [13,21], [16,22], [17,24], [19,26], [20,28], [23,25], [27,30], [29,31],
    [0,1], [2,13], [3,5], [4,9], [6,7], [8,19], [10,15], [11,17], [12,23], [14,20], [16,21], [18,29], [22,27], [24,25], [26,28], [30,31],
    [2,4], [3,6], [5,9], [7,13], [8,14], [10,16], [11,12], [15,21], [17,23], [18,24], [19,20], [22,26], [25,28], [27,29],
    [4,6], [5,7], [8,11], [9,13], [12,17], [14,19], [18,22], [20,23], [24,26], [25,27],
    [1,5], [4,8], [7,10], [9,20], [11,22], [12,14], [13,16], [15,18], [17,19], [21,24], [23,27], [26,30],
    [1,3], [4,7], [5,12], [6,10], [8,15], [13,17], [14,18], [16,23], [19,26], [21,25], [24,27], [28,30],
    [2,3], [7,8], [9,12], [10,14], [11,15], [16,20], [17,21], [19,22], [23,24], [28,29],
    [1,2], [3,5], [6,9], [10,12], [11,13], [14,16], [15,17], [18,20], [19,21], [22,25], [26,28], [29,30],
    [5,7], [8,11], [9,10], [12,14], [13,15], [16,18], [17,19], [20,23], [21,22], [24,26],
    [4,5], [6,7], [8,9], [10,11], [12,13], [14,15], [16,17], [18,19], [20,21], [22,23], [24,25], [26,27],
    [3,4], [5,6], [7,8], [9,10], [11,12], [13,14], [15,16], [17,18], [19,20], [21,22], [23,24], [25,26], [27,28]
  ]
}
