{
  "N": 42,
  "L": 291,
  "D": 18,
  "AVGSWAPS": 99.108157,
  "STDERR": 0.002563,
  "symmetric": true,
  "nw": [
    [0,16], [1,30], [2,34], [3,8], [4,36], [5,37], [6,35], [7,39], [9,24], [10,29], [11,40], [12,31], [13,19], [14,18], [15,21], [17,32], [20,26], [22,28], [23,27], [25,41], [33,38],
    [0,5], [1,11], [2,23], [3,9], [4,25], [7,14], [8,24], [10,13], [12,22], [15,20], [16,37], [17,33], [18,39], [19,29], [21,26], [27,34], [28,31], [30,40], [32,38], [36,41],
    [0,17], [1,15], [2,12], [3,4], [5,33], [6,21], [7,10], [8,36], [9,25], [11,30], [13,14], [16,32], [18,19], [20,35], [22,23], [24,41], [26,40], [27,28], [29,39], [31,34], [37,38],
    [0,7], [2,3], [4,12], [5,13], [6,15], [8,27], [9,22], [10,17], [11,20], [14,33], [16,18], [19,32], [21,30], [23,25], [24,31], [26,35], [28,36], [29,37], [34,41], [38,39],
    [0,2], [1,6], [3,7], [4,10], [5,9], [8,16], [12,17], [13,22], [14,23], [15,21], [18,27], [19,28], [20,26], [24,29], [25,33], [31,37], [32,36], [34,38], [35,40], [39,41],
    [0,1], [3,4], [5,8], [6,11], [7,10], [9,16], [12,24], [13,19], [14,18], [17,29], [20,21], [22,28], [23,27], [25,32], [30,35], [31,34], [33,36], [37,38], [40,41],
    [1,3], [2,6], [9,20], [10,16], [11,15], [13,14], [18,19], [21,32], [22,23], [25,31], [26,30], [27,28], [35,39], [38,40],
    [2,5], [3,8], [4,15], [6,13], [7,11], [9,12], [17,21], [20,24], [26,37], [28,35], [29,32], [30,34], [33,38], [36,39],
    [1,2], [4,5], [6,9], [7,14], [8,33], [11,18], [12,17], [13,25], [15,19], [16,28], [22,26], [23,30], [24,29], [27,34], [32,35], [36,37], [39,40],
    [3,7], [5,8], [10,23], [11,12], [14,20], [17,22], [18,31], [19,24], [21,27], [29,30], [33,36], [34,38],
    [3,4], [5,7], [8,15], [9,11], [10,14], [13,17], [16,20], [18,22], [19,23], [21,25], [24,28], [26,33], [27,31], [30,32], [34,36], [37,38],
    [2,4], [8,14], [10,13], [12,18], [15,20], [21,26], [23,29], [27,33], [28,31], [37,39],
    [2,3], [4,5], [7,13], [8,11], [14,17], [15,16], [19,21], [20,22], [24,27], [25,26], [28,34], [30,33], [36,37], [38,39],
    [4,6], [5,9], [8,10], [11,13], [12,15], [14,19], [16,18], [17,21], [20,24], [22,27], [23,25], [26,29], [28,30], [31,33], [32,36], [35,37],
    [3,4], [6,8], [7,9], [12,14], [15,17], [16,19], [18,21], [20,23], [22,25], [24,26], [27,29], [32,34], [33,35], [37,38],
    [5,6], [7,8], [9,10], [11,12], [13,16], [14,15], [17,19], [18,20], [21,23], [22,24], [25,28], [26,27], [29,30], [31,32], [33,34], [35,36],
    [6,7], [9,11], [10,12], [13,14], [15,16], [17,18], [19,20], [21,22], [23,24], [25,26], [27,28], [29,31], [30,32], [34,35],
    [8,9], [10,11], [12,13], [14,15], [16,17], [18,19], [20,21], [22,23], [24,25], [26,27], [28,29], [30,31], [32,33]
  ]
}
