{
  "N": 35,
  "L": 220,
  "D": 17,
  "AVGSWAPS": 77.344017,
  "STDERR": 0.002145,
  "symmetric": false,
  "nw": [
    [0,31], [1,12], [2,7], [3,27], [4,33], [5,16], [6,29], [8,30], [9,32], [10,13], [11,23], [14,28], [15,19], [18,24], [20,25], [21,22], [26,34],
    [0,9], [1,26], [2,3], [4,11], [5,15], [7,27], [8,10], [12,34], [13,30], [14,21], [16,19], [17,29], [18,20], [22,28], [23,33], [24,25], [31,32],
    [0,14], [1,5], [2,18], [3,20], [4,8], [6,17], [7,24], [9,21], [10,11], [12,16], [13,23], [15,26], [19,34], [22,31], [25,27], [28,32], [30,33],
    [0,4], [1,2], [3,15], [5,18], [7,12], [8,14], [9,10], [11,21], [13,22], [16,24], [19,25], [20,26], [23,31], [27,34], [28,30], [32,33],
    [0,1], [2,4], [3,9], [5,8], [7,13], [10,15], [11,20], [12,22], [14,18], [16,23], [19,28], [21,26], [24,31], [25,30], [27,32], [33,34],
    [0,6], [2,5], [3,7], [4,8], [9,13], [10,16], [11,12], [14,19], [15,23], [18,28], [20,22], [21,24], [25,27], [26,31], [29,34], [30,32],
    [1,6], [8,13], [9,17], [10,11], [12,18], [15,20], [24,28], [29,33],
    [1,14], [3,9], [4,29], [6,16], [12,15], [17,21], [18,23], [20,24], [31,33],
    [1,3], [4,7], [5,9], [6,14], [16,29], [17,25], [21,27], [30,31],
    [2,3], [7,17], [9,11], [10,14], [13,25], [16,19], [18,21], [22,29], [23,27], [26,30],
    [1,2], [3,5], [6,10], [7,9], [8,14], [12,16], [13,17], [15,19], [20,22], [21,25], [27,30], [28,29],
    [4,6], [8,10], [11,14], [15,18], [16,20], [19,26], [22,24], [23,28], [29,31], [30,32],
    [3,4], [5,6], [10,12], [11,15], [13,16], [14,18], [17,20], [19,22], [21,23], [24,26], [25,28], [29,30], [32,33],
    [2,3], [4,5], [6,8], [7,10], [9,12], [11,13], [14,16], [15,17], [18,20], [19,21], [22,25], [23,24], [26,28], [27,29], [31,32],
    [6,7], [8,11], [9,10], [12,14], [13,15], [16,17], [18,19], [20,21], [22,23], [24,25], [26,27], [28,29], [30,31],
    [5,6], [8,9], [10,11], [12,13], [14,15], [16,18], [17,19], [20,22], [21,23], [24,26], [25,27], [29,30],
    [7,8], [9,10], [11,12], [13,14], [15,16], [17,18], [19,20], [21,22], [23,24], [25,26], [27,28]
  ]
}
