{
  "N": 41,
  "L": 282,
  "D": 19,
  "AVGSWAPS": 96.329926,
  "STDERR": 0.002721,
  "symmetric": false,
  "nw": [
    [0,8], [1,40], [2,29], [3,34], [4,26], [5,36], [6,18], [7,39], [9,38], [10,25], [11,33], [12,35], [13,16], [15,31], [17,28], [19,24], [20,21], [22,27], [23,30], [32,37],
    [0,5], [1,10], [2,17], [3,20], [6,11], [7,26], [8,36], [9,32], [12,19], [13,22], [14,34], [15,23], [16,27], [18,33], [21,39], [24,35], [25,40], [28,29], [30,31], [37,38],
    [0,15], [1,13], [2,6], [3,7], [4,21], [5,23], [8,30], [9,12], [10,22], [11,17], [14,20], [16,25], [18,28], [19,32], [24,37], [26,39], [27,40], [29,33], [31,36], [35,38],
    [0,2], [1,9], [4,14], [5,11], [6,15], [8,18], [10,19], [12,13], [16,24], [17,23], [20,26], [21,34], [22,32], [25,37], [27,35], [28,30], [29,31], [33,36], [38,40],
    [0,1], [2,9], [3,4], [5,10], [6,12], [7,14], [8,16], [11,19], [13,15], [17,22], [18,24], [20,21], [23,32], [25,28], [27,29], [30,37], [31,35], [33,38], [34,39], [36,40],
    [0,3], [2,6], [5,8], [7,20], [9,12], [10,16], [11,25], [13,27], [14,21], [15,29], [17,18], [19,28], [22,24], [23,30], [26,34], [31,33], [32,37], [35,38], [39,40],
    [1,3], [4,7], [11,17], [12,16], [14,20], [18,25], [19,22], [21,26], [23,31], [24,28], [32,35], [33,34], [36,39],
    [4,8], [5,20], [7,12], [10,17], [14,29], [15,36], [19,25], [21,27], [22,33], [24,32], [26,30], [34,37],
    [1,5], [2,4], [6,8], [7,10], [12,26], [13,14], [15,20], [27,28], [29,34], [30,38], [35,36],
    [1,2], [3,15], [5,6], [8,21], [9,13], [12,23], [14,18], [17,27], [20,32], [22,26], [29,33], [30,35], [38,39],
    [3,11], [4,9], [8,17], [10,12], [13,22], [15,19], [16,26], [20,31], [21,25], [32,35], [34,38], [37,39],
    [3,7], [6,9], [11,15], [13,14], [16,23], [18,22], [19,24], [26,31], [36,38],
    [3,5], [8,13], [10,11], [12,18], [14,17], [15,21], [19,20], [22,29], [23,26], [24,30], [28,36], [31,32], [37,38],
    [2,3], [4,5], [8,10], [9,13], [12,15], [16,19], [18,21], [20,25], [22,23], [24,27], [26,29], [28,33], [30,34], [36,37],
    [3,4], [6,10], [7,9], [11,13], [14,16], [17,19], [20,24], [25,27], [28,31], [32,33], [34,35],
    [5,7], [6,8], [9,11], [12,14], [15,17], [16,18], [19,21], [20,22], [23,25], [24,26], [27,29], [28,30], [31,34], [35,36],
    [5,6], [7,8], [10,12], [13,15], [14,16], [17,18], [19,20], [21,24], [22,23], [25,26], [27,28], [29,31], [30,32], [33,34],
    [4,5], [6,7], [9,10], [11,12], [13,14], [15,16], [17,19], [18,20], [21,22], [23,24], [25,27], [26,28], [29,30], [31,32], [34,35],
    [8,9], [10,11], [12,13], [14,15], [16,17], [18,19], [20,21], [22,23], [24,25], [26,27], [28,29], [30,31], [32,33]
  ]
}
