{
  "N": 28,
  "L": 155,
  "D": 14,
  "AVGSWAPS": 54.801939,
  "STDERR": 0.001847,
  "symmetric": true,
  "nw": [
    [0,22], [1,21], [2,8], [3,14], [4,16], [5,27], [6,26], [7,10], [9,15], [11,23], [12,18], [13,24], [17,20], [19,25],
    [0,12], [1,6], [2,3], [4,17], [5,9], [7,11], [8,14], [10,23], [13,19], [15,27], [16,20], [18,22], [21,26], [24,25],
    [0,13], [1,7], [2,5], [3,9], [6,17], [8,15], [10,21], [12,19], [14,27], [18,24], [20,26], [22,25],
    [0,2], [3,12], [4,7], [5,13], [8,18], [9,19], [10,16], [11,17], [14,22], [15,24], [20,23], [25,27],
    [1,4], [2,5], [3,8], [6,11], [7,10], [9,15], [12,18], [16,21], [17,20], [19,24], [22,25], [23,26],
    [0,1], [2,6], [3,7], [4,8], [5,11], [9,14], [10,15], [12,17], [13,18], [16,22], [19,23], [20,24], [21,25], [26,27],
    [1,5], [2,4], [6,13], [7,12], [9,16], [11,18], [14,21], [15,20], [22,26], [23,25],
    [1,3], [6,10], [7,9], [8,11], [12,14], [13,15], [16,19], [17,21], [18,20], [24,26],
    [1,2], [4,6], [5,8], [9,12], [10,13], [14,17], [15,18], [19,22], [21,23], [25,26],
    [3,4], [5,6], [8,10], [11,13], [14,16], [17,19], [21,22], [23,24],
    [2,3], [4,5], [6,8], [10,12], [11,14], [13,16], [15,17], [19,21], [22,23], [24,25],
    [6,7], [8,9], [10,11], [12,14], [13,15], [16,17], [18,19], [20,21],
    [4,6], [5,8], [7,10], [9,11], [12,13], [14,15], [16,18], [17,20], [19,22], [21,23],
    [3,4], [5,6], [7,8], [9,10], [11,12], [13,14], [15,16], [17,18], [19,20], [21,22], [23,24]
  ]
}
