{
  "N": 51,
  "L": 387,
  "D": 22,
  "AVGSWAPS": 130.231587,
  "STDERR": 0.003607,
  "symmetric": false,
  "nw": [
    [0,39], [1,33], [2,31], [3,35], [4,49], [5,45], [6,38], [7,26], [8,17], [9,30], [10,23], [11,42], [12,36], [13,46], [14,44], [15,25], [16,47], [18,43], [19,20], [21,41], [24,34], [28,48], [32,50], [37,40],
    [0,10], [1,15], [3,18], [4,19], [5,37], [6,28], [8,12], [11,32], [13,24], [17,36], [20,49], [22,44], [23,39], [25,33], [27,41], [29,47], [34,46], [35,43], [38,48], [40,45], [42,50],
    [0,5], [1,11], [2,27], [3,13], [6,8], [7,22], [9,29], [10,37], [12,28], [15,32], [17,38], [18,20], [23,40], [24,35], [25,42], [26,44], [30,47], [31,41], [33,50], [36,48], [39,45], [43,49],
    [3,4], [13,24], [14,36], [16,33], [18,34], [19,35], [20,43], [21,39], [22,28], [26,38], [27,37], [29,32], [30,42], [31,40], [41,45], [44,48], [46,49], [47,50],
    [2,21], [4,18], [7,14], [9,16], [10,31], [12,26], [13,19], [15,30], [17,22], [23,27], [25,29], [28,38], [32,42], [33,47], [34,43], [35,46], [36,44], [37,40], [39,41], [45,50],
    [0,2], [1,9], [4,13], [5,21], [6,7], [8,14], [11,16], [18,24], [20,35], [22,26], [27,31], [28,36], [29,30], [32,33], [37,39], [38,44], [40,41], [42,47], [43,46],
    [0,6], [2,10], [5,23], [7,12], [8,17], [9,15], [11,25], [13,18], [14,28], [16,32], [19,24], [20,34], [21,37], [33,42], [35,43], [36,38], [39,40], [41,47], [44,49],
    [0,1], [2,5], [7,8], [9,11], [10,23], [12,17], [14,22], [15,25], [16,29], [19,20], [21,27], [24,34], [26,28], [30,32], [31,37], [38,46], [40,42], [41,44], [47,49],
    [2,9], [4,7], [5,10], [8,12], [11,15], [14,17], [16,25], [18,19], [20,24], [21,23], [22,26], [27,31], [28,36], [29,30], [32,33], [34,35], [37,39], [38,40], [42,46], [44,47],
    [2,4], [5,11], [7,9], [8,13], [10,21], [12,14], [15,16], [17,22], [19,32], [23,27], [25,29], [26,31], [28,37], [30,34], [33,39], [35,48], [36,43], [40,42],
    [1,28], [3,16], [4,7], [5,8], [6,19], [10,15], [11,13], [12,18], [14,21], [17,23], [20,25], [22,27], [24,29], [26,30], [31,34], [32,37], [33,36], [35,45], [39,43], [48,50],
    [1,6], [3,14], [8,11], [9,33], [10,12], [13,38], [15,18], [16,21], [17,20], [19,32], [22,24], [23,25], [27,29], [30,31], [34,47], [36,39], [45,48], [49,50],
    [0,3], [4,17], [7,9], [8,22], [11,13], [12,15], [16,35], [18,41], [19,28], [20,23], [21,45], [24,27], [25,39], [29,42], [33,36], [37,48], [38,40],
    [1,3], [6,19], [7,17], [9,20], [11,22], [12,26], [13,24], [14,35], [15,18], [23,33], [25,36], [27,38], [28,32], [29,40], [37,45], [41,44], [46,48],
    [1,2], [7,10], [9,17], [13,22], [14,16], [15,26], [18,30], [20,23], [21,35], [24,27], [25,33], [29,38], [31,41], [34,44], [45,47], [48,49],
    [6,14], [9,12], [15,17], [16,19], [18,26], [21,28], [30,31], [32,35], [34,41], [42,45], [43,44],
    [3,6], [14,16], [18,20], [19,21], [23,26], [25,30], [28,32], [31,33], [34,36], [35,37], [39,41], [44,46],
    [3,5], [6,8], [11,14], [13,16], [19,22], [21,24], [27,28], [29,32], [33,34], [35,38], [37,40], [41,43], [44,45], [46,47],
    [2,3], [4,6], [5,7], [8,10], [9,11], [12,14], [13,15], [16,18], [17,19], [20,22], [21,23], [24,26], [25,27], [28,30], [29,31], [32,35], [36,38], [37,39], [40,42], [45,46], [47,48],
    [4,5], [6,7], [9,10], [13,14], [16,17], [18,19], [21,22], [24,25], [26,27], [28,29], [30,31], [32,33], [34,35], [37,38], [40,41], [42,43],
    [3,4], [5,6], [8,9], [10,11], [12,13], [14,15], [17,18], [20,21], [22,23], [25,26], [27,28], [29,30], [31,32], [33,34], [36,37], [38,39], [41,42], [43,44],
    [7,8], [11,12], [15,16], [19,20], [23,24], [35,36], [39,40]
  ]
}
