{
  "N": 31,
  "L": 180,
  "D": 14,
  "AVGSWAPS": 63.747192,
  "STDERR": 0.002201,
  "symmetric": false,
  "nw": [
    [0,24], [1,13], [2,15], [3,6], [4,21], [5,30], [7,19], [8,25], [9,29], [10,17], [11,26], [12,20], [14,28], [16,23], [18,27],
    [0,18], [1,16], [2,5], [3,12], [4,14], [6,20], [7,9], [8,10], [11,22], [13,23], [15,30], [17,25], [19,29], [21,28], [24,27],
    [0,3], [1,7], [2,8], [4,11], [5,10], [6,24], [9,16], [12,18], [13,19], [14,22], [15,17], [20,27], [21,26], [23,29], [25,30],
    [0,2], [1,4], [3,8], [5,12], [6,15], [7,11], [9,14], [10,18], [13,21], [16,22], [17,24], [19,26], [20,25], [23,28], [27,30],
    [0,1], [2,6], [3,5], [4,13], [7,9], [8,20], [10,15], [11,23], [12,17], [14,19], [16,21], [18,27], [22,29], [24,25], [26,28],
    [2,3], [4,7], [5,6], [8,12], [9,13], [10,16], [11,14], [15,21], [17,20], [18,24], [19,23], [22,26], [25,27], [28,29],
    [2,4], [3,7], [5,9], [6,13], [8,11], [12,17], [14,19], [18,22], [20,23], [24,26], [25,28], [27,29],
    [1,5], [4,8], [6,9], [7,10], [12,14], [13,16], [15,18], [17,19], [21,25], [22,24], [23,27], [26,30],
    [1,2], [4,6], [5,12], [8,15], [9,20], [11,22], [13,17], [14,18], [16,23], [19,26], [24,27], [29,30],
    [3,5], [6,8], [9,12], [10,14], [11,15], [16,20], [17,21], [19,22], [23,24], [26,28],
    [2,3], [7,9], [10,12], [11,13], [14,16], [15,17], [18,20], [19,21], [22,25], [28,29],
    [5,7], [8,9], [10,11], [12,14], [13,15], [16,18], [17,19], [20,21], [22,23], [25,26],
    [4,5], [6,7], [8,10], [9,11], [12,13], [14,15], [16,17], [18,19], [20,22], [21,23], [24,25], [26,27],
    [3,4], [5,6], [7,8], [9,10], [11,12], [13,14], [15,16], [17,18], [19,20], [21,22], [23,24], [25,26], [27,28]
  ]
}
