{
  "N": 17,
  "L": 71,
  "D": 12,
  "AVGSWAPS": 25.256071,
  "STDERR": 0.001178,
  "symmetric": false,
  "nw": [
    [0,9], [1,12], [2,10], [3,13], [4,15], [6,14], [7,11], [8,16],
    [0,5], [1,6], [2,8], [4,7], [10,14], [11,15],
    [0,3], [1,4], [5,16], [6,8], [7,9], [10,13],
    [0,2], [3,7], [5,12], [9,16], [13,15],
    [0,1], [2,4], [3,6], [5,10], [7,11], [9,12], [13,14],
    [2,3], [7,10], [8,11], [9,13], [12,15], [14,16],
    [4,8], [5,7], [6,9], [10,13], [12,14], [15,16],
    [1,5], [4,7], [8,12], [11,14],
    [1,2], [3,5], [4,6], [7,9], [8,10], [11,13], [14,15],
    [2,3], [5,7], [6,8], [9,11], [10,12], [13,14],
    [3,4], [5,6], [7,8], [9,10], [11,12],
    [4,5], [6,7], [8,9], [10,11], [12,13]
  ]
}
