{
  "N": 36,
  "L": 227,
  "D": 18,
  "AVGSWAPS": 79.548951,
  "STDERR": 0.002520,
  "symmetric": true,
  "nw": [
    [0,20], [1,22], [2,18], [3,16], [4,21], [5,7], [6,26], [8,11], [9,29], [10,23], [12,25], [13,34], [14,31], [15,35], [17,33], [19,32], [24,27], [28,30],
    [0,17], [1,5], [2,15], [3,24], [4,14], [6,12], [7,22], [8,19], [9,10], [11,32], [13,28], [16,27], [18,35], [20,33], [21,31], [23,29], [25,26], [30,34],
    [0,13], [1,2], [3,9], [5,15], [6,8], [7,18], [10,24], [11,25], [12,19], [16,23], [17,28], [20,30], [22,35], [26,32], [27,29], [33,34],
    [0,6], [1,3], [2,9], [5,10], [7,16], [8,13], [11,20], [12,17], [15,24], [18,23], [19,28], [22,27], [25,30], [26,33], [29,35], [32,34],
    [0,1], [2,8], [3,6], [5,12], [7,11], [9,13], [10,17], [15,19], [16,20], [18,25], [22,26], [23,30], [24,28], [27,33], [29,32], [34,35],
    [0,4], [3,5], [6,15], [7,21], [8,10], [9,12], [13,19], [14,28], [16,22], [20,29], [23,26], [25,27], [30,32], [31,35],
    [4,8], [5,7], [10,21], [11,22], [13,24], [14,25], [27,31], [28,30],
    [1,4], [8,10], [14,18], [17,21], [25,27], [31,34],
    [2,4], [6,8], [10,19], [11,14], [13,17], [16,25], [18,22], [21,24], [27,29], [31,33],
    [2,5], [3,11], [4,7], [8,12], [9,16], [10,15], [14,18], [17,21], [19,26], [20,25], [23,27], [24,32], [28,31], [30,33],
    [1,3], [6,9], [8,11], [10,16], [12,15], [19,25], [20,23], [24,27], [26,29], [32,34],
    [1,2], [3,5], [4,8], [7,11], [12,14], [13,16], [15,18], [17,20], [19,22], [21,23], [24,28], [27,31], [30,32], [33,34],
    [2,3], [4,6], [7,9], [10,12], [11,15], [13,17], [14,19], [16,21], [18,22], [20,24], [23,25], [26,28], [29,31], [32,33],
    [3,4], [5,6], [7,10], [9,12], [11,13], [14,16], [15,17], [18,20], [19,21], [22,24], [23,26], [25,28], [29,30], [31,32],
    [4,5], [6,8], [10,11], [12,14], [13,15], [16,17], [18,19], [20,22], [21,23], [24,25], [27,29], [30,31],
    [6,7], [8,9], [12,13], [14,15], [16,18], [17,19], [20,21], [22,23], [26,27], [28,29],
    [5,6], [8,10], [9,11], [13,14], [15,16], [17,18], [19,20], [21,22], [24,26], [25,27], [29,30],
    [7,8], [9,10], [11,12], [23,24], [25,26], [27,28]
  ]
}
