{
  "N": 27,
  "L": 147,
  "D": 16,
  "AVGSWAPS": 51.230376,
  "STDERR": 0.001746,
  "symmetric": false,
  "nw": [
    [0,19], [1,24], [2,17], [3,9], [4,11], [5,21], [6,7], [8,25], [10,26], [12,23], [13,18], [14,20], [16,22],
    [0,14], [1,13], [2,10], [3,12], [4,16], [5,15], [6,8], [7,25], [9,23], [11,22], [17,26], [18,24], [19,20],
    [0,6], [1,3], [2,4], [7,19], [8,14], [9,18], [10,16], [11,17], [12,13], [15,21], [20,25], [22,26], [23,24],
    [0,2], [3,10], [4,12], [5,9], [7,15], [8,11], [13,19], [17,23], [18,22], [21,25], [24,26],
    [1,5], [4,7], [9,11], [13,16], [14,23], [15,22], [20,24], [25,26],
    [1,8], [2,5], [10,14], [11,21], [12,20], [15,17], [16,24], [22,23],
    [0,1], [5,13], [6,11], [7,10], [8,9], [14,17], [19,21], [23,25],
    [1,2], [3,6], [9,13], [11,18], [16,19], [21,24], [22,23],
    [3,4], [6,15], [10,11], [18,20], [19,21], [24,25],
    [1,3], [4,8], [7,10], [12,15], [13,18], [14,20], [19,22], [21,23],
    [2,4], [5,8], [6,12], [11,15], [16,19], [17,20], [23,24],
    [2,3], [4,6], [5,7], [8,10], [9,12], [11,13], [14,16], [15,18], [17,19], [20,22],
    [4,5], [6,8], [7,9], [10,12], [11,14], [13,17], [15,16], [18,19], [20,21], [22,23],
    [5,7], [8,10], [9,11], [12,14], [13,15], [16,18], [19,21],
    [3,5], [6,7], [8,9], [10,11], [12,13], [14,15], [16,17], [18,20], [21,22],
    [3,4], [5,6], [7,8], [9,10], [11,12], [13,14], [15,16], [17,18], [19,20]
  ]
}
