{
  "N": 49,
  "L": 365,
  "D": 21,
  "AVGSWAPS": 123.170896,
  "STDERR": 0.003465,
  "symmetric": false,
  "nw": [
    [0,38], [1,28], [2,24], [3,31], [4,42], [5,20], [6,43], [7,17], [8,46], [9,29], [10,27], [11,37], [12,48], [13,45], [14,36], [15,35], [16,22], [18,39], [19,41], [23,47], [25,40], [26,44], [30,34], [32,33],
    [0,8], [1,25], [3,26], [4,16], [5,32], [6,30], [7,14], [9,12], [10,23], [11,18], [13,15], [17,36], [20,33], [21,41], [22,42], [27,47], [28,40], [29,48], [31,44], [34,43], [35,45], [37,39], [38,46],
    [0,5], [1,9], [2,21], [3,13], [6,11], [8,32], [12,17], [15,22], [18,27], [20,38], [24,41], [25,29], [26,35], [30,37], [33,46], [36,48], [39,47], [42,45],
    [1,7], [3,4], [6,10], [9,25], [11,30], [12,28], [13,26], [14,29], [15,31], [16,35], [17,36], [18,34], [19,33], [21,32], [22,42], [23,37], [24,38], [27,39], [40,48], [41,46], [43,47], [44,45],
    [1,6], [2,19], [4,15], [7,12], [8,24], [9,14], [10,18], [11,23], [13,16], [20,21], [28,36], [29,40], [31,42], [32,38], [33,41], [34,39], [35,44], [37,43], [45,48],
    [0,2], [4,13], [5,19], [7,9], [10,11], [12,25], [15,26], [17,29], [18,30], [21,24], [22,35], [27,37], [32,33], [36,40], [38,41], [39,43], [42,44],
    [0,3], [2,8], [4,7], [5,20], [9,12], [11,18], [13,15], [14,25], [16,26], [17,28], [19,32], [22,31], [23,30], [27,34], [29,36], [33,38], [35,42], [37,39], [40,44], [41,47],
    [0,1], [2,5], [3,6], [8,20], [9,13], [14,17], [16,22], [19,21], [23,27], [24,32], [25,28], [26,31], [30,34], [36,42], [38,43], [41,45], [47,48],
    [1,3], [2,10], [5,8], [12,14], [15,16], [17,25], [18,23], [19,20], [21,24], [22,26], [27,30], [28,29], [31,35], [32,33], [34,37], [38,40], [43,44], [45,47],
    [2,4], [5,11], [7,10], [8,19], [12,15], [14,23], [17,27], [20,21], [24,31], [25,30], [28,34], [29,37], [33,39], [35,46], [40,43],
    [4,7], [5,9], [8,18], [11,13], [14,19], [16,23], [20,22], [21,26], [24,28], [29,35], [31,34], [33,36], [37,46], [39,42],
    [6,19], [8,12], [9,11], [10,33], [13,38], [15,18], [17,20], [21,25], [22,27], [23,32], [26,30], [28,31], [34,47], [35,37], [36,39],
    [4,17], [6,16], [7,10], [9,21], [11,13], [12,15], [18,41], [19,35], [20,22], [23,29], [25,26], [27,39], [30,43], [32,37], [33,36], [38,40], [44,47],
    [3,23], [6,14], [7,17], [10,20], [11,21], [12,24], [13,25], [15,18], [16,29], [22,33], [26,38], [27,36], [30,40], [32,35], [41,45], [43,46],
    [1,6], [7,8], [10,17], [13,21], [15,24], [16,23], [18,28], [20,22], [25,26], [27,33], [29,32], [30,38], [31,41], [34,45], [37,40], [44,46],
    [1,2], [3,6], [4,7], [10,12], [14,16], [15,17], [18,24], [19,23], [28,31], [30,32], [34,41], [35,38], [42,45],
    [3,5], [6,14], [8,10], [16,19], [18,20], [22,24], [23,29], [27,28], [31,33], [32,35], [34,36], [39,41], [42,43], [45,46],
    [2,3], [6,9], [11,14], [13,16], [19,21], [20,22], [23,25], [24,27], [26,29], [28,30], [33,34], [36,38], [37,39], [40,42], [44,45], [46,47],
    [5,6], [9,11], [12,14], [13,15], [16,18], [17,19], [21,23], [25,26], [29,31], [32,33], [34,35], [36,37], [38,39], [41,42], [47,48],
    [4,5], [6,7], [8,9], [10,11], [12,13], [14,15], [16,17], [18,19], [20,21], [22,23], [24,25], [26,27], [28,29], [30,31], [33,34], [35,36], [37,38], [40,41], [42,43],
    [3,4], [5,6], [7,8], [9,10], [11,12], [13,14], [15,16], [17,18], [19,20], [21,22], [23,24], [25,26], [27,28], [29,30], [31,32], [39,40], [43,44]
  ]
}
