{
  "N": 45,
  "L": 324,
  "D": 19,
  "AVGSWAPS": 108.760218,
  "STDERR": 0.002846,
  "symmetric": false,
  "nw": [
    [0,38], [1,23], [2,27], [3,25], [4,40], [5,19], [6,16], [7,26], [8,39], [9,11], [10,42], [12,30], [13,35], [14,43], [15,37], [17,24], [18,36], [21,41], [22,44], [29,33], [31,32],
    [0,5], [1,8], [2,31], [3,29], [4,12], [6,17], [7,34], [9,21], [10,13], [11,41], [14,20], [15,22], [16,24], [18,28], [19,38], [23,39], [25,33], [26,43], [27,32], [30,40], [35,42], [37,44],
    [0,9], [1,14], [2,10], [3,15], [4,6], [5,31], [7,18], [8,28], [11,35], [12,29], [13,21], [16,37], [17,22], [19,27], [20,34], [23,36], [24,40], [25,30], [32,42], [33,44], [38,41],
    [0,2], [1,7], [3,4], [5,11], [6,15], [8,26], [9,10], [12,16], [13,19], [14,18], [17,25], [20,23], [21,27], [22,30], [24,33], [28,43], [29,37], [31,35], [32,38], [34,36], [40,44], [41,42],
    [0,3], [2,9], [4,6], [5,13], [7,14], [8,20], [10,32], [11,21], [12,17], [15,24], [16,22], [18,39], [19,31], [23,28], [25,29], [26,34], [27,35], [30,37], [33,40], [36,43], [38,41], [42,44],
    [0,1], [2,5], [4,12], [6,17], [7,8], [9,13], [10,18], [11,19], [14,20], [16,25], [21,31], [22,29], [23,26], [24,32], [27,38], [28,34], [30,33], [35,41], [37,40],
    [1,3], [4,7], [5,12], [6,14], [10,15], [13,17], [16,23], [19,26], [21,22], [27,36], [29,34], [32,39], [33,38], [35,43], [40,41],
    [2,4], [5,8], [9,14], [11,16], [13,20], [15,18], [19,25], [22,28], [24,32], [30,36], [31,34], [37,43],
    [1,5], [3,11], [4,7], [6,9], [8,12], [15,19], [16,23], [17,20], [21,22], [25,26], [27,30], [28,32], [29,31], [34,42], [35,37], [36,41], [43,44],
    [1,2], [3,6], [4,13], [5,10], [7,27], [11,24], [14,21], [18,34], [19,25], [20,40], [22,28], [26,33], [39,43],
    [2,3], [4,5], [7,13], [8,14], [9,11], [10,16], [12,26], [17,24], [18,30], [20,25], [21,35], [22,27], [31,39], [33,37], [34,38], [36,40], [41,43],
    [3,4], [5,6], [7,9], [8,10], [12,17], [16,21], [18,23], [20,22], [24,29], [25,27], [26,31], [30,35], [37,39], [38,40], [41,42], [43,44],
    [4,5], [6,8], [10,13], [12,15], [16,20], [17,19], [18,24], [21,22], [23,29], [25,26], [27,31], [28,30], [32,35], [36,37], [39,41], [42,43],
    [8,9], [10,12], [11,18], [13,14], [15,17], [19,24], [21,25], [22,26], [23,28], [29,34], [30,32], [33,36], [35,37], [38,39],
    [7,10], [9,12], [11,15], [13,16], [14,20], [17,18], [19,23], [24,28], [27,33], [29,30], [31,36], [32,34], [35,38], [37,40],
    [6,7], [11,13], [14,17], [15,16], [18,20], [19,21], [22,24], [23,25], [26,28], [27,29], [30,33], [31,32], [34,36], [40,41],
    [5,6], [10,11], [12,14], [13,15], [16,17], [18,19], [20,21], [22,23], [24,25], [26,27], [28,29], [30,31], [32,34], [33,35], [36,37], [41,42],
    [8,10], [9,11], [12,13], [14,15], [16,18], [17,19], [20,22], [21,23], [24,26], [25,27], [28,30], [29,31], [32,33], [34,35], [36,38], [37,39],
    [7,8], [9,10], [11,12], [13,14], [15,16], [17,18], [19,20], [21,22], [23,24], [25,26], [27,28], [29,30], [31,32], [33,34], [35,36], [37,38], [39,40]
  ]
}
