{
  "N": 64,
  "L": 521,
  "D": 21,
  "AVGSWAPS": 184.212030,
  "STDERR": 0.003891,
  "symmetric": true,
  "nw": [
    [0,48], [1,36], [2,56], [3,29], [4,53], [5,17], [6,39], [7,61], [8,13], [9,32], [10,59], [11,23], [12,28], [14,33], [15,63], [16,37], [18,41], [19,43], [20,44], [21,38], [22,45], [24,57], [25,42], [26,47], [27,62], [30,49], [31,54], [34,60], [35,51], [40,52], [46,58], [50,55],
    [0,14], [1,8], [2,25], [3,11], [4,22], [5,6], [7,21], [9,20], [10,18], [12,26], [13,36], [15,30], [16,35], [17,39], [19,31], [23,29], [24,46], [27,50], [28,47], [32,44], [33,48], [34,40], [37,51], [38,61], [41,59], [42,56], [43,54], [45,53], [49,63], [52,60], [55,62], [57,58],
    [0,9], [1,34], [2,12], [3,27], [4,5], [6,17], [7,16], [8,13], [10,24], [11,23], [14,33], [15,19], [18,41], [20,32], [21,38], [22,45], [25,42], [26,28], [29,62], [30,49], [31,43], [35,37], [36,60], [39,53], [40,52], [44,48], [46,57], [47,56], [50,55], [51,61], [54,63], [58,59],
    [0,2], [1,10], [3,4], [5,27], [6,22], [7,15], [8,40], [9,12], [11,50], [13,52], [14,20], [16,19], [17,45], [18,46], [21,35], [23,55], [24,34], [25,26], [28,42], [29,39], [30,31], [32,33], [36,58], [37,38], [41,57], [43,49], [44,47], [48,56], [51,54], [53,62], [59,60], [61,63],
    [0,3], [1,7], [2,10], [4,15], [5,16], [6,11], [8,18], [9,24], [12,27], [13,41], [14,25], [17,23], [19,34], [20,26], [21,30], [22,50], [28,32], [29,44], [31,35], [33,42], [36,51], [37,43], [38,49], [39,54], [40,46], [45,55], [47,58], [48,59], [52,57], [53,61], [56,62], [60,63],
    [0,1], [2,5], [3,7], [4,9], [6,14], [8,21], [10,16], [11,30], [12,19], [13,37], [15,24], [17,28], [18,25], [20,40], [22,31], [23,43], [26,50], [27,34], [29,36], [32,41], [33,52], [35,46], [38,45], [39,48], [42,55], [44,51], [47,53], [49,57], [54,59], [56,60], [58,61], [62,63],
    [1,3], [2,4], [5,15], [6,8], [7,12], [9,10], [11,20], [13,17], [14,21], [16,24], [18,22], [19,27], [23,33], [25,31], [26,35], [28,37], [30,40], [32,38], [36,44], [39,47], [41,45], [42,49], [43,52], [46,50], [48,58], [51,56], [53,54], [55,57], [59,61], [60,62],
    [1,2], [3,4], [5,9], [8,14], [10,15], [11,18], [16,19], [17,28], [20,25], [21,26], [22,30], [23,32], [24,27], [31,40], [33,41], [35,46], [36,39], [37,42], [38,43], [44,47], [45,52], [48,53], [49,55], [54,58], [59,60], [61,62],
    [1,6], [2,3], [4,7], [8,11], [12,16], [14,18], [17,23], [19,24], [20,22], [25,30], [28,32], [31,35], [33,38], [39,44], [40,46], [41,43], [45,49], [47,51], [52,55], [56,59], [57,62], [60,61],
    [2,13], [4,5], [7,9], [10,12], [11,14], [15,16], [18,21], [23,28], [26,31], [32,37], [35,40], [42,45], [47,48], [49,52], [50,61], [51,53], [54,56], [58,59],
    [2,6], [3,4], [5,7], [9,10], [12,15], [16,19], [18,20], [21,22], [25,26], [30,31], [32,33], [37,38], [41,42], [43,45], [44,47], [48,51], [53,54], [56,58], [57,61], [59,60],
    [4,6], [5,8], [7,9], [10,12], [14,18], [15,23], [20,21], [22,25], [26,30], [28,32], [31,35], [33,37], [38,41], [40,48], [42,43], [45,49], [51,53], [54,56], [55,58], [57,59],
    [7,11], [9,14], [10,13], [12,17], [16,28], [18,29], [19,32], [20,36], [21,22], [24,33], [25,26], [27,43], [30,39], [31,44], [34,45], [35,47], [37,38], [41,42], [46,51], [49,54], [50,53], [52,56],
    [6,10], [8,12], [11,15], [13,19], [14,16], [17,24], [21,30], [22,31], [25,29], [26,36], [27,37], [32,41], [33,42], [34,38], [39,46], [44,50], [47,49], [48,52], [51,55], [53,57],
    [3,8], [5,6], [13,18], [17,20], [19,25], [22,26], [23,27], [28,34], [29,35], [36,40], [37,41], [38,44], [43,46], [45,50], [55,60], [57,58],
    [10,13], [12,17], [15,18], [16,20], [21,23], [24,28], [27,32], [29,30], [31,36], [33,34], [35,39], [40,42], [43,47], [45,48], [46,51], [50,53],
    [7,10], [9,12], [11,13], [14,17], [19,21], [22,24], [23,25], [26,28], [27,29], [30,32], [31,33], [34,36], [35,37], [38,40], [39,41], [42,44], [46,49], [50,52], [51,54], [53,56],
    [6,7], [8,10], [9,11], [12,14], [15,19], [16,21], [18,22], [20,27], [23,26], [24,25], [28,34], [29,35], [30,31], [32,33], [36,43], [37,40], [38,39], [41,45], [42,47], [44,48], [49,51], [52,54], [53,55], [56,57],
    [3,6], [9,10], [13,15], [16,18], [17,19], [20,22], [21,23], [24,30], [25,31], [26,27], [28,29], [32,38], [33,39], [34,35], [36,37], [40,42], [41,43], [44,46], [45,47], [48,50], [53,54], [57,60],
    [3,5], [6,7], [8,9], [10,11], [12,13], [14,15], [16,17], [18,19], [20,21], [22,23], [24,26], [25,27], [28,30], [29,31], [32,34], [33,35], [36,38], [37,39], [40,41], [42,43], [44,45], [46,47], [48,49], [50,51], [52,53], [54,55], [56,57], [58,60],
    [3,4], [7,8], [11,12], [13,14], [15,16], [17,18], [19,20], [21,22], [23,24], [25,26], [27,28], [29,30], [31,32], [33,34], [35,36], [37,38], [39,40], [41,42], [43,44], [45,46], [47,48], [49,50], [51,52], [55,56], [59,60]
  ]
}
