{
  "N": 21,
  "L": 99,
  "D": 15,
  "AVGSWAPS": 35.715531,
  "STDERR": 0.001469,
  "symmetric": false,
  "nw": [
    [0,10], [1,8], [2,5], [3,13], [4,18], [6,11], [7,17], [9,16], [12,19], [15,20],
    [0,4], [1,9], [2,12], [3,6], [5,19], [7,15], [8,16], [10,18], [11,13], [17,20],
    [0,7], [2,3], [4,15], [5,11], [6,12], [10,17], [13,19], [18,20],
    [0,2], [3,7], [4,14], [5,10], [11,17], [12,15], [13,18], [16,20],
    [4,6], [9,13], [14,18],
    [1,4], [6,9], [8,14], [10,13], [18,19],
    [0,1], [3,6], [4,11], [7,9], [8,12], [13,15], [14,17], [16,18], [19,20],
    [1,3], [2,4], [5,8], [11,14], [12,16], [15,18], [17,19],
    [2,5], [6,8], [7,11], [9,14], [10,12], [13,16], [15,17], [18,19],
    [1,2], [3,5], [7,10], [9,12], [11,13], [14,16], [17,18],
    [2,3], [4,10], [5,7], [9,11], [12,13], [14,15], [16,17],
    [4,6], [8,10], [15,16],
    [4,5], [6,8], [10,12], [13,15],
    [3,4], [6,7], [8,9], [10,11], [12,14],
    [5,6], [7,8], [9,10], [11,12], [13,14]
  ]
}
