{
  "N": 62,
  "L": 506,
  "D": 21,
  "AVGSWAPS": 174.457139,
  "STDERR": 0.004549,
  "symmetric": false,
  "nw": [
    [0,39], [1,59], [2,51], [3,48], [4,55], [5,31], [6,46], [7,33], [8,57], [9,41], [10,20], [11,38], [12,40], [13,17], [14,53], [15,52], [16,25], [18,54], [21,56], [22,36], [24,45], [26,43], [27,44], [28,32], [29,49], [30,60], [34,58], [35,47], [37,61], [42,50],
    [0,5], [1,22], [2,13], [3,10], [4,28], [6,30], [7,16], [8,35], [11,34], [12,27], [14,29], [17,51], [18,26], [19,41], [20,48], [21,42], [23,52], [24,37], [25,33], [31,39], [32,55], [36,59], [38,58], [40,44], [43,54], [45,61], [46,60], [47,57], [49,53], [50,56],
    [0,8], [1,12], [2,21], [3,24], [5,42], [6,18], [7,14], [9,32], [10,29], [13,35], [15,38], [16,37], [17,47], [19,28], [20,49], [22,40], [23,34], [25,45], [26,46], [27,36], [30,43], [31,50], [33,53], [39,57], [41,55], [44,59], [48,61], [51,56], [52,58], [54,60],
    [0,2], [3,7], [4,22], [5,17], [8,21], [9,27], [10,25], [11,26], [12,19], [13,31], [14,24], [15,30], [16,20], [18,23], [28,40], [29,45], [32,44], [33,48], [34,46], [35,50], [36,41], [37,49], [38,54], [39,51], [42,47], [43,52], [53,61], [55,59], [56,57], [58,60],
    [0,3], [1,9], [2,8], [4,12], [5,13], [6,15], [7,14], [10,16], [11,18], [17,35], [19,32], [20,29], [21,39], [22,36], [23,38], [24,33], [25,37], [26,43], [27,28], [30,34], [31,42], [40,44], [41,55], [45,49], [46,54], [47,50], [48,53], [51,56], [52,58],
    [1,4], [2,5], [6,11], [7,10], [8,13], [9,12], [14,16], [15,18], [17,31], [19,27], [20,25], [23,30], [28,36], [29,37], [34,43], [35,42], [40,41], [44,55], [45,48], [46,52], [47,51], [49,53], [50,56], [54,58],
    [1,6], [2,7], [4,9], [5,8], [10,14], [11,15], [12,22], [13,21], [16,24], [18,26], [32,40], [33,45], [38,46], [39,47], [41,44], [48,49], [50,51], [52,54], [53,60], [56,59],
    [0,1], [3,6], [4,11], [5,10], [12,19], [13,17], [16,20], [18,23], [21,31], [22,27], [24,25], [26,30], [28,32], [29,33], [34,38], [35,39], [36,40], [37,45], [42,47], [43,46], [49,58], [51,55], [53,56], [59,60],
    [1,3], [2,4], [7,11], [8,13], [9,12], [14,16], [15,18], [17,21], [19,22], [20,24], [23,26], [25,29], [27,28], [30,34], [31,35], [32,36], [33,37], [38,43], [39,42], [40,41], [45,48], [46,52], [47,50], [49,51], [55,58], [56,59],
    [4,7], [8,14], [9,15], [12,18], [13,19], [16,23], [21,31], [22,27], [24,25], [26,30], [28,32], [29,33], [34,38], [35,39], [36,43], [37,42], [40,46], [41,57], [44,50], [45,47], [48,54], [51,55], [52,61],
    [5,9], [8,12], [10,15], [13,16], [17,22], [19,23], [20,26], [21,27], [24,30], [25,31], [28,34], [29,35], [32,38], [33,39], [37,40], [41,52], [42,46], [44,48], [50,54], [57,61],
    [1,13], [9,10], [14,28], [16,44], [17,20], [18,25], [21,24], [22,26], [27,30], [29,32], [33,36], [34,47], [35,38], [39,43], [40,42], [46,59], [48,50], [52,57], [58,61],
    [1,2], [3,29], [4,17], [7,33], [9,21], [10,37], [12,14], [15,40], [18,41], [19,44], [20,49], [23,48], [24,53], [25,31], [26,51], [30,56], [32,35], [34,45], [36,39], [38,50], [43,55], [47,57], [60,61],
    [3,13], [6,32], [7,17], [10,21], [11,36], [12,18], [14,34], [15,24], [19,29], [22,49], [25,41], [27,53], [28,45], [30,40], [31,52], [35,44], [38,48], [43,51], [46,56], [57,59],
    [3,5], [6,16], [7,8], [11,20], [14,18], [22,33], [23,32], [26,36], [27,37], [28,34], [31,41], [39,49], [42,53], [47,52], [54,56], [55,57], [59,60],
    [2,3], [4,5], [6,19], [11,22], [15,27], [16,29], [20,33], [23,35], [24,37], [25,28], [26,39], [30,42], [31,34], [32,44], [36,49], [40,53], [41,45], [51,52], [56,58],
    [5,7], [6,13], [11,17], [15,21], [16,19], [18,25], [20,22], [23,29], [24,27], [26,33], [28,31], [30,37], [32,35], [34,41], [36,39], [38,44], [40,42], [43,49], [45,47], [46,53], [52,55], [56,57], [58,59],
    [6,9], [10,13], [11,12], [14,17], [15,16], [18,20], [19,21], [22,25], [23,24], [26,28], [27,29], [30,32], [31,33], [34,36], [35,37], [38,40], [39,41], [42,44], [43,45], [46,48], [47,49], [50,53], [57,58],
    [5,6], [8,11], [9,10], [12,14], [13,15], [16,19], [17,18], [20,22], [21,23], [24,27], [25,26], [28,30], [29,31], [32,34], [33,35], [36,38], [37,39], [40,42], [41,43], [44,46], [45,47], [48,50], [49,51], [53,54],
    [4,5], [6,7], [8,9], [10,11], [12,13], [14,15], [16,17], [18,19], [20,21], [22,23], [24,25], [26,27], [28,29], [30,31], [32,33], [34,35], [36,37], [38,39], [40,41], [42,43], [44,45], [46,47], [48,49], [50,51], [52,53], [54,55],
    [3,4], [7,8], [9,10], [11,12], [13,14], [15,16], [17,18], [19,20], [21,22], [23,24], [25,26], [27,28], [29,30], [31,32], [33,34], [35,36], [37,38], [39,40], [41,42], [43,44], [45,46], [47,48], [49,50], [51,52], [53,54], [55,56]
  ]
}
