{
  "N": 19,
  "L": 85,
  "D": 12,
  "AVGSWAPS": 30.322047,
  "STDERR": 0.001305,
  "symmetric": false,
  "nw": [
    [0,18], [1,11], [2,9], [4,12], [5,15], [6,17], [7,14], [8,16], [10,13],
    [0,10], [1,8], [2,7], [3,12], [5,6], [9,14], [11,16], [13,18], [15,17],
    [0,5], [3,11], [4,8], [6,13], [10,15], [12,17], [16,18],
    [1,5], [2,4], [3,10], [8,13], [11,15], [12,16], [14,18],
    [0,2], [4,6], [7,10], [9,12], [14,16],
    [1,9], [2,3], [5,12], [6,11], [7,8], [10,13], [14,17],
    [1,2], [4,7], [5,9], [6,14], [8,10], [12,15], [17,18],
    [0,1], [2,4], [3,5], [8,9], [10,14], [13,15], [16,17],
    [1,2], [5,7], [6,8], [9,11], [10,12], [13,16], [15,17],
    [3,5], [4,6], [7,9], [8,10], [11,13], [12,14], [15,16],
    [3,4], [5,6], [7,8], [9,10], [11,12], [13,14],
    [2,3], [4,5], [6,7], [8,9], [10,11], [12,13], [14,15]
  ]
}
