{
  "N": 53,
  "L": 411,
  "D": 22,
  "AVGSWAPS": 138.045334,
  "STDERR": 0.003769,
  "symmetric": false,
  "nw": [
    [0,51], [1,41], [2,30], [3,20], [4,25], [5,26], [6,46], [7,34], [8,16], [9,28], [10,31], [11,52], [12,42], [13,48], [14,49], [15,43], [17,39], [18,44], [19,36], [21,47], [23,37], [27,45], [32,33], [35,40], [38,50],
    [0,19], [1,8], [2,27], [3,17], [5,32], [6,38], [9,23], [11,15], [13,35], [16,41], [20,39], [22,44], [24,49], [26,33], [28,42], [29,47], [30,45], [36,51], [40,48], [43,52], [46,50],
    [0,9], [1,6], [2,12], [3,13], [4,24], [5,11], [7,22], [8,38], [10,29], [15,32], [16,46], [17,35], [20,40], [23,27], [25,49], [26,43], [28,30], [31,47], [33,52], [34,44], [37,45], [39,48], [41,50], [42,51],
    [0,2], [9,23], [12,36], [14,41], [18,39], [19,37], [21,33], [22,35], [24,38], [25,46], [29,32], [30,42], [31,43], [34,40], [44,48], [45,51], [47,52], [49,50],
    [4,14], [7,18], [8,25], [10,21], [12,23], [15,31], [16,24], [17,34], [19,28], [20,22], [26,29], [27,36], [30,37], [32,43], [33,47], [35,40], [38,46], [39,44], [41,49], [48,52],
    [1,4], [2,19], [3,7], [5,10], [6,14], [9,12], [11,21], [13,18], [22,34], [23,30], [24,25], [29,31], [32,33], [35,39], [36,45], [37,42], [38,41], [40,44], [43,47], [46,49],
    [0,3], [1,5], [2,9], [4,8], [6,16], [7,17], [10,15], [11,26], [12,19], [13,20], [14,38], [18,35], [21,32], [23,28], [27,30], [33,43], [36,37], [39,40], [41,46], [42,45], [44,49],
    [0,1], [3,5], [4,6], [7,13], [8,16], [9,12], [10,11], [14,24], [15,26], [17,20], [18,22], [19,27], [21,29], [25,38], [28,36], [31,32], [34,35], [37,42], [40,46], [45,50],
    [1,3], [2,7], [4,10], [6,8], [11,15], [13,17], [14,16], [18,20], [19,23], [21,26], [22,34], [24,25], [27,28], [29,31], [30,36], [32,33], [35,39], [38,41], [42,47], [45,48], [50,52],
    [2,4], [6,13], [7,10], [8,14], [9,11], [12,19], [15,21], [16,24], [17,18], [20,22], [23,27], [25,31], [26,29], [28,30], [32,38], [33,41], [36,37], [39,51], [42,44], [47,49], [48,50],
    [4,7], [6,9], [8,17], [11,13], [12,15], [14,19], [16,26], [18,21], [22,27], [24,29], [28,34], [30,35], [33,39], [37,43], [41,51], [44,47],
    [8,12], [9,11], [14,18], [15,17], [16,23], [19,21], [20,26], [22,24], [25,28], [27,29], [30,32], [31,34], [35,38], [37,40], [39,41], [43,46],
    [1,14], [3,30], [9,22], [10,23], [12,15], [13,37], [17,42], [18,45], [21,48], [24,27], [26,36], [28,31], [32,35], [34,47], [38,50], [40,43],
    [1,2], [3,14], [5,32], [10,20], [11,13], [12,25], [15,17], [19,45], [23,39], [26,33], [29,43], [36,41], [37,40], [38,48], [42,44], [50,51],
    [3,6], [5,18], [7,26], [10,16], [11,22], [13,24], [15,25], [17,28], [19,30], [20,33], [21,32], [27,37], [29,40], [31,42], [34,44], [35,45], [36,39], [46,48], [47,50],
    [2,3], [4,10], [5,19], [13,22], [17,25], [18,30], [20,26], [21,35], [24,27], [28,31], [29,37], [32,45], [33,36], [34,42], [41,44], [48,49],
    [4,6], [5,14], [7,10], [16,20], [18,19], [21,30], [23,26], [32,35], [34,36], [38,45], [39,42], [44,46], [48,50], [49,51],
    [5,9], [7,8], [10,16], [11,14], [13,18], [19,22], [20,23], [21,24], [26,33], [27,30], [29,32], [35,37], [38,40], [43,45], [49,50], [51,52],
    [5,7], [9,11], [10,12], [15,16], [17,20], [23,25], [24,27], [26,28], [31,33], [32,34], [36,38], [37,39], [40,42], [41,43], [45,47],
    [5,6], [8,10], [12,14], [13,15], [16,18], [17,19], [20,22], [21,23], [25,26], [28,30], [29,31], [33,35], [36,37], [38,39], [41,42], [44,45], [46,47],
    [4,5], [6,7], [8,9], [10,11], [12,13], [14,15], [16,17], [18,19], [20,21], [22,23], [24,25], [26,27], [28,29], [30,31], [32,33], [34,35], [37,38], [40,41], [42,43], [45,46], [47,48],
    [3,4], [7,8], [9,10], [11,12], [13,14], [15,16], [17,18], [19,20], [21,22], [23,24], [25,26], [27,28], [29,30], [31,32], [33,34], [35,36], [39,40], [43,44]
  ]
}
