{
  "N": 59,
  "L": 476,
  "D": 21,
  "AVGSWAPS": 163.088209,
  "STDERR": 0.003862,
  "symmetric": false,
  "nw": [
    [0,32], [1,21], [2,55], [3,57], [4,44], [5,23], [6,58], [7,31], [8,56], [9,35], [10,41], [11,52], [12,45], [13,18], [14,48], [15,47], [16,29], [19,54], [20,50], [22,25], [24,40], [26,53], [27,28], [30,51], [33,46], [34,49], [36,39], [37,38], [42,43],
    [0,5], [1,9], [2,13], [3,24], [4,16], [6,14], [7,19], [8,30], [11,42], [12,34], [15,22], [17,41], [18,55], [20,33], [21,35], [23,32], [25,47], [26,37], [27,36], [28,39], [29,44], [31,54], [38,53], [40,57], [43,52], [45,49], [46,50], [48,58], [51,56],
    [0,8], [1,12], [2,20], [3,19], [4,26], [5,33], [6,15], [9,37], [10,24], [11,27], [13,30], [14,36], [16,34], [17,40], [18,51], [21,38], [22,42], [23,46], [25,43], [28,48], [29,45], [32,56], [35,49], [39,52], [41,57], [44,53], [47,58], [50,55],
    [0,2], [1,4], [3,10], [5,18], [6,11], [7,17], [8,20], [9,29], [12,26], [13,23], [14,25], [15,27], [16,21], [19,40], [22,28], [24,54], [30,46], [31,41], [32,50], [33,51], [34,38], [35,44], [36,43], [37,45], [39,47], [42,48], [49,53], [52,58], [55,56],
    [0,6], [2,8], [3,7], [4,12], [5,13], [9,16], [10,31], [11,15], [14,22], [17,24], [18,30], [20,32], [21,37], [23,33], [25,42], [26,35], [27,39], [28,36], [29,34], [38,45], [40,41], [43,48], [44,49], [46,51], [47,52], [50,55], [53,58], [54,57],
    [0,1], [2,5], [4,9], [8,13], [10,17], [11,14], [12,16], [15,22], [18,23], [19,31], [21,29], [24,40], [25,28], [30,33], [34,37], [36,42], [38,44], [41,54], [43,47], [45,49], [46,50], [48,52], [51,55],
    [2,11], [5,8], [7,10], [9,12], [13,20], [14,15], [16,26], [17,19], [22,27], [24,31], [32,46], [35,38], [39,43], [40,41], [44,45], [47,48], [49,55], [50,51], [52,57],
    [2,4], [5,14], [10,17], [13,18], [16,21], [19,24], [20,23], [22,25], [26,29], [27,28], [30,32], [31,40], [33,46], [34,35], [36,39], [37,38], [42,43], [45,51], [48,54], [49,52], [55,57],
    [5,9], [8,13], [12,16], [15,22], [18,20], [21,26], [23,30], [25,27], [28,36], [29,34], [32,33], [35,37], [38,44], [39,42], [40,56], [43,47], [45,48], [46,50], [51,54], [52,55],
    [3,16], [7,21], [8,12], [13,22], [15,17], [18,25], [20,23], [26,29], [27,28], [30,32], [31,37], [33,42], [34,35], [36,39], [38,46], [40,53], [41,47], [44,50], [48,51], [56,58],
    [3,13], [7,18], [8,15], [9,33], [10,26], [14,31], [16,22], [17,43], [19,34], [20,27], [21,25], [23,29], [24,35], [28,40], [30,36], [32,39], [37,42], [41,44], [47,50], [53,56], [57,58],
    [0,3], [1,30], [2,7], [4,32], [6,19], [9,14], [10,20], [11,24], [12,17], [16,41], [21,45], [23,28], [25,48], [26,27], [29,40], [31,37], [34,36], [35,39], [42,55], [43,46], [44,47],
    [1,6], [4,11], [5,10], [12,15], [13,41], [18,45], [19,34], [22,44], [24,35], [26,49], [27,52], [28,29], [31,33], [36,47], [38,43], [39,51], [40,53], [46,56],
    [1,3], [4,7], [9,10], [12,23], [13,16], [14,31], [15,38], [17,43], [18,21], [19,30], [20,49], [22,41], [24,32], [25,45], [29,40], [33,37], [36,44], [39,48], [42,52], [46,53], [54,56],
    [1,2], [6,19], [11,24], [15,23], [17,38], [20,26], [27,49], [30,34], [32,35], [40,43], [50,52], [53,55], [56,57],
    [6,13], [11,18], [14,20], [16,19], [17,28], [21,24], [22,30], [25,32], [26,31], [27,33], [29,38], [34,41], [35,45], [37,49], [43,46], [51,53], [52,54],
    [3,6], [7,11], [10,14], [13,16], [17,23], [18,21], [19,22], [20,26], [24,25], [27,31], [28,29], [30,34], [32,35], [33,37], [36,41], [38,40], [39,45], [42,49], [46,48], [52,53], [54,55],
    [3,5], [6,9], [7,8], [10,13], [11,12], [14,16], [15,18], [17,21], [19,20], [22,26], [23,24], [25,28], [27,30], [29,32], [31,34], [33,36], [35,38], [37,41], [39,40], [42,44], [43,45], [47,49], [48,51], [53,54], [55,56],
    [2,3], [4,7], [5,6], [8,11], [9,10], [12,14], [13,15], [16,18], [17,19], [20,22], [21,23], [24,26], [25,27], [28,30], [29,31], [32,34], [33,35], [36,38], [37,39], [40,43], [41,42], [44,46], [45,47], [49,50],
    [4,5], [6,7], [8,9], [10,11], [12,13], [14,15], [16,17], [18,19], [20,21], [22,23], [24,25], [26,27], [28,29], [30,31], [32,33], [34,35], [36,37], [38,39], [40,41], [42,43], [44,45], [46,47], [48,49], [50,51],
    [3,4], [5,6], [7,8], [9,10], [11,12], [13,14], [15,16], [17,18], [19,20], [21,22], [23,24], [25,26], [27,28], [29,30], [31,32], [33,34], [35,36], [37,38], [39,40], [41,42], [43,44], [45,46], [47,48], [49,50], [51,52]
  ]
}
