{
  "N": 34,
  "L": 209,
  "D": 17,
  "AVGSWAPS": 74.411365,
  "STDERR": 0.002080,
  "symmetric": true,
  "nw": [
    [0,32], [1,33], [2,23], [3,26], [4,25], [5,9], [6,27], [7,30], [8,29], [10,31], [11,16], [12,14], [13,18], [15,20], [17,22], [19,21], [24,28],
    [0,7], [1,3], [2,24], [4,19], [5,10], [8,12], [9,31], [11,15], [13,17], [14,29], [16,20], [18,22], [21,25], [23,28], [26,33], [30,32],
    [0,8], [1,4], [2,13], [3,19], [5,11], [7,12], [9,16], [10,15], [14,30], [17,24], [18,23], [20,31], [21,26], [22,28], [25,33], [29,32],
    [0,2], [1,5], [3,10], [4,11], [7,17], [8,13], [9,21], [12,24], [14,18], [15,19], [16,26], [20,25], [22,29], [23,30], [28,32], [31,33],
    [0,1], [2,5], [3,7], [4,8], [9,14], [10,17], [11,13], [12,15], [16,23], [18,21], [19,24], [20,22], [25,29], [26,30], [28,31], [32,33],
    [1,4], [3,9], [5,8], [6,20], [7,14], [10,16], [12,18], [13,27], [15,21], [17,23], [19,26], [24,30], [25,28], [29,32],
    [2,3], [6,12], [8,14], [11,20], [13,22], [19,25], [21,27], [30,31],
    [3,6], [5,12], [7,11], [8,19], [13,18], [14,25], [15,20], [21,28], [22,26], [27,30],
    [1,3], [4,6], [5,9], [10,13], [11,12], [15,17], [16,18], [20,23], [21,22], [24,28], [27,29], [30,32],
    [0,1], [3,5], [6,9], [7,10], [11,16], [13,15], [17,22], [18,20], [23,26], [24,27], [28,30], [32,33],
    [4,7], [8,13], [10,11], [12,16], [14,18], [15,19], [17,21], [20,25], [22,23], [26,29],
    [2,4], [5,7], [6,10], [9,11], [12,17], [14,15], [16,21], [18,19], [22,24], [23,27], [26,28], [29,31],
    [1,2], [3,4], [8,10], [11,13], [12,14], [15,17], [16,18], [19,21], [20,22], [23,25], [29,30], [31,32],
    [2,3], [4,5], [7,8], [9,10], [11,12], [13,14], [15,16], [17,18], [19,20], [21,22], [23,24], [25,26], [28,29], [30,31],
    [6,7], [8,9], [10,12], [13,15], [14,19], [18,20], [21,23], [24,25], [26,27],
    [5,6], [7,8], [10,11], [12,13], [14,16], [17,19], [20,21], [22,23], [25,26], [27,28],
    [9,10], [14,15], [16,17], [18,19], [23,24]
  ]
}
