{
  "N": 52,
  "L": 395,
  "D": 20,
  "AVGSWAPS": 135.047867,
  "STDERR": 0.003365,
  "symmetric": true,
  "nw": [
    [0,32], [1,42], [2,45], [3,46], [4,23], [5,48], [6,49], [7,38], [8,30], [9,50], [10,33], [11,29], [12,14], [13,44], [15,27], [16,20], [17,25], [18,41], [19,51], [21,43], [22,40], [24,36], [26,34], [28,47], [31,35], [37,39],
    [0,16], [1,8], [2,37], [3,5], [4,15], [6,12], [7,17], [9,21], [10,11], [13,26], [14,49], [18,22], [19,31], [20,32], [23,27], [24,28], [25,38], [29,33], [30,42], [34,44], [35,51], [36,47], [39,45], [40,41], [43,50], [46,48],
    [0,6], [1,9], [2,18], [3,13], [4,19], [5,46], [8,30], [10,24], [11,29], [12,14], [15,23], [16,20], [17,25], [21,43], [22,40], [26,34], [27,41], [28,36], [31,35], [32,47], [33,49], [37,39], [38,48], [42,50], [45,51],
    [0,3], [2,10], [5,26], [6,13], [7,19], [8,21], [11,28], [12,16], [14,29], [15,31], [18,24], [20,36], [22,37], [23,40], [25,46], [27,33], [30,43], [32,44], [35,39], [38,45], [41,49], [48,51],
    [0,2], [1,7], [3,10], [5,12], [6,18], [9,19], [11,22], [13,24], [14,23], [16,26], [17,31], [20,34], [25,35], [27,38], [28,37], [29,40], [32,42], [33,45], [39,46], [41,48], [44,50], [49,51],
    [4,13], [5,11], [7,10], [8,17], [9,18], [12,22], [14,25], [16,28], [19,24], [20,30], [21,31], [23,35], [26,37], [27,32], [29,39], [33,42], [34,43], [38,47], [40,46], [41,44],
    [1,4], [3,9], [6,7], [10,18], [13,19], [14,20], [15,26], [17,22], [21,28], [23,30], [25,36], [29,34], [31,37], [32,38], [33,41], [42,48], [44,45], [47,50],
    [0,1], [2,4], [7,9], [8,15], [10,13], [12,21], [16,17], [18,19], [20,25], [22,28], [23,29], [26,31], [30,39], [32,33], [34,35], [36,43], [38,41], [42,44], [47,49], [50,51],
    [1,3], [2,6], [4,10], [5,8], [11,15], [13,18], [17,21], [20,23], [22,26], [25,29], [28,31], [30,34], [33,38], [36,40], [41,47], [43,46], [45,49], [48,50],
    [1,2], [3,6], [4,7], [8,12], [9,10], [11,16], [15,22], [23,25], [26,28], [29,36], [35,40], [39,43], [41,42], [44,47], [45,48], [49,50],
    [2,3], [4,6], [7,9], [8,11], [10,13], [12,16], [15,17], [18,23], [21,22], [28,33], [29,30], [34,36], [35,39], [38,41], [40,43], [42,44], [45,47], [48,49],
    [3,4], [6,7], [10,14], [11,12], [13,32], [15,16], [17,21], [19,38], [22,26], [23,28], [25,29], [30,34], [35,36], [37,41], [39,40], [44,45], [47,48],
    [3,8], [4,5], [7,11], [12,15], [14,18], [16,17], [19,25], [22,27], [24,29], [26,32], [33,37], [34,35], [36,39], [40,44], [43,48], [46,47],
    [1,4], [5,10], [9,12], [15,18], [16,20], [17,23], [21,25], [22,24], [26,30], [27,29], [28,34], [31,35], [33,36], [39,42], [41,46], [47,50],
    [2,5], [6,16], [8,9], [11,22], [12,19], [13,20], [14,15], [18,24], [27,33], [29,40], [31,38], [32,39], [35,45], [36,37], [42,43], [46,49],
    [2,4], [6,8], [10,11], [13,16], [17,22], [19,21], [20,26], [23,27], [24,28], [25,31], [29,34], [30,32], [35,38], [40,41], [43,45], [47,49],
    [7,10], [9,13], [11,14], [12,16], [15,17], [18,22], [19,20], [21,26], [23,24], [25,30], [27,28], [29,33], [31,32], [34,36], [35,39], [37,40], [38,42], [41,44],
    [5,7], [8,11], [9,10], [12,14], [13,15], [16,18], [17,19], [20,22], [21,23], [24,26], [25,27], [28,30], [29,31], [32,34], [33,35], [36,38], [37,39], [40,43], [41,42], [44,46],
    [3,5], [6,7], [8,9], [10,11], [12,13], [14,15], [16,17], [18,19], [20,21], [22,23], [24,25], [26,27], [28,29], [30,31], [32,33], [34,35], [36,37], [38,39], [40,41], [42,43], [44,45], [46,48],
    [3,4], [5,6], [7,8], [9,10], [11,12], [13,14], [15,16], [17,18], [19,20], [21,22], [23,24], [25,26], [27,28], [29,30], [31,32], [33,34], [35,36], [37,38], [39,40], [41,42], [43,44], [45,46], [47,48]
  ]
}
