{
  "N": 37,
  "L": 240,
  "D": 17,
  "AVGSWAPS": 82.490557,
  "STDERR": 0.002385,
  "symmetric": false,
  "nw": [
    [0,23], [1,35], [2,17], [3,15], [4,8], [5,24], [6,19], [7,30], [9,22], [10,36], [11,34], [12,33], [13,28], [14,29], [16,31], [20,27], [21,26], [25,32],
    [0,13], [1,16], [2,3], [4,25], [5,18], [6,7], [8,32], [9,14], [10,21], [11,24], [12,20], [15,17], [19,30], [22,29], [23,28], [26,36], [27,33], [31,35],
    [0,9], [1,4], [2,10], [3,21], [5,11], [6,12], [7,20], [8,31], [13,14], [15,26], [16,25], [17,36], [18,34], [19,27], [22,23], [28,29], [30,33], [32,35],
    [0,2], [1,6], [3,13], [4,12], [7,16], [8,19], [9,10], [11,18], [14,21], [15,22], [17,28], [20,25], [23,26], [24,34], [27,31], [29,36], [30,32], [33,35],
    [0,1], [2,6], [3,7], [4,9], [8,15], [10,12], [13,16], [14,20], [17,30], [18,24], [19,22], [21,25], [23,27], [26,31], [28,32], [29,33], [35,36],
    [0,5], [2,4], [3,8], [6,9], [7,15], [10,17], [12,30], [13,23], [14,19], [16,27], [20,22], [21,26], [25,31], [28,29], [32,33], [34,36],
    [1,5], [3,11], [6,18], [10,14], [15,24], [16,20], [17,34], [21,28], [22,27], [25,32],
    [1,2], [5,17], [6,8], [7,11], [12,18], [16,34], [22,29], [24,30],
    [4,7], [5,10], [8,15], [11,26], [16,19], [17,23], [24,28], [29,34], [30,35],
    [2,5], [4,6], [8,13], [9,11], [12,17], [15,21], [18,23], [20,26], [25,30], [31,34], [33,35],
    [2,3], [5,8], [7,15], [9,14], [10,13], [11,21], [12,16], [17,22], [18,19], [20,24], [23,27], [26,29], [31,33], [34,35],
    [1,2], [3,5], [8,10], [9,12], [11,15], [13,14], [16,18], [17,20], [19,22], [21,28], [23,26], [24,25], [27,32], [29,30],
    [2,4], [5,6], [7,10], [11,16], [13,17], [14,20], [15,18], [19,23], [21,24], [22,26], [25,28], [29,31], [32,33],
    [3,4], [6,8], [7,9], [10,12], [11,13], [14,16], [15,17], [18,20], [19,21], [22,24], [23,25], [26,28], [27,29], [30,32], [33,34],
    [4,5], [6,7], [8,11], [9,10], [12,14], [13,15], [16,19], [17,18], [20,22], [21,23], [24,26], [25,27], [28,29], [30,31], [32,33],
    [5,6], [8,9], [10,11], [12,13], [14,15], [16,17], [18,19], [20,21], [22,23], [24,25], [26,27], [28,30], [29,31],
    [7,8], [9,10], [11,12], [13,14], [15,16], [17,18], [19,20], [21,22], [23,24], [25,26], [27,28], [29,30], [31,32]
  ]
}
