{
  "N": 23,
  "L": 114,
  "D": 14,
  "AVGSWAPS": 40.939514,
  "STDERR": 0.001507,
  "symmetric": false,
  "nw": [
    [0,5], [1,21], [2,20], [3,16], [4,18], [7,12], [8,14], [9,13], [10,15], [11,19], [17,22],
    [0,11], [1,10], [2,4], [3,7], [5,19], [6,14], [9,17], [12,16], [13,22], [15,21], [18,20],
    [0,3], [2,9], [4,17], [5,12], [6,15], [7,11], [8,10], [13,18], [14,21], [16,19], [20,22],
    [0,2], [3,9], [4,7], [5,13], [11,17], [12,18], [16,20], [19,22],
    [1,13], [4,5], [7,15], [8,12], [9,10], [14,19], [21,22],
    [1,8], [6,9], [7,12], [10,18], [11,14], [15,20], [17,21],
    [2,6], [9,16], [11,13], [14,17], [18,20], [19,21],
    [1,2], [3,9], [6,8], [7,11], [10,13], [12,16], [17,19], [20,21],
    [0,1], [2,4], [3,6], [5,8], [9,11], [10,14], [12,15], [13,17], [16,18],
    [1,3], [4,9], [5,7], [8,11], [10,12], [13,15], [14,16], [18,19],
    [1,2], [3,5], [6,7], [8,10], [11,13], [12,14], [15,17], [16,18], [19,20],
    [2,3], [4,6], [7,9], [11,12], [13,14], [15,16], [17,19],
    [3,4], [5,6], [7,8], [9,10], [12,13], [14,15], [17,18],
    [4,5], [6,7], [8,9], [10,11], [16,17]
  ]
}
