{
  "N": 58,
  "L": 465,
  "D": 21,
  "AVGSWAPS": 160.256331,
  "STDERR": 0.003959,
  "symmetric": false,
  "nw": [
    [0,16], [1,42], [2,32], [3,55], [4,54], [5,38], [6,52], [7,43], [8,44], [9,56], [10,48], [11,46], [12,47], [13,36], [14,27], [15,45], [17,18], [19,20], [21,22], [23,50], [24,49], [25,28], [26,30], [29,53], [31,33], [34,57], [35,37], [39,40], [41,51],
    [0,8], [1,5], [2,14], [3,24], [4,17], [6,41], [7,25], [9,11], [10,29], [12,21], [15,34], [16,44], [18,54], [19,31], [20,33], [22,47], [23,39], [26,35], [27,32], [28,55], [30,37], [36,49], [38,42], [40,50], [45,57], [46,56], [48,53], [51,52],
    [0,10], [1,15], [2,23], [3,13], [4,19], [5,31], [6,26], [8,39], [9,12], [11,35], [14,29], [16,40], [17,34], [18,45], [20,38], [21,41], [22,51], [24,25], [27,48], [28,36], [30,46], [32,50], [33,54], [37,52], [42,57], [43,55], [44,53], [47,56],
    [0,2], [1,4], [3,7], [5,18], [6,9], [8,27], [10,23], [11,22], [12,26], [13,43], [14,16], [15,19], [17,20], [21,30], [29,40], [31,45], [32,44], [33,42], [34,38], [35,51], [37,47], [39,48], [41,46], [49,55], [50,53], [52,56], [54,57],
    [0,6], [2,10], [4,15], [5,17], [7,28], [8,14], [9,12], [11,21], [13,24], [16,39], [18,34], [19,33], [20,31], [22,41], [23,32], [25,49], [26,37], [27,29], [30,35], [36,43], [38,45], [40,48], [42,54], [44,50], [46,51], [47,52], [53,57],
    [0,1], [2,8], [4,5], [7,13], [9,11], [10,14], [12,21], [15,17], [16,27], [18,20], [22,30], [24,28], [25,36], [29,39], [31,34], [35,41], [38,42], [40,44], [43,49], [45,54], [46,47], [48,50], [51,52],
    [2,9], [5,15], [8,10], [11,12], [13,24], [14,23], [17,19], [21,26], [25,28], [32,40], [33,38], [36,43], [37,46], [42,45], [44,48], [47,51], [50,54],
    [2,4], [5,11], [8,13], [14,16], [17,18], [19,20], [21,22], [23,27], [24,25], [26,30], [28,36], [29,32], [31,33], [34,38], [35,37], [39,40], [41,46], [43,56], [45,51], [48,55],
    [5,8], [10,14], [12,21], [15,17], [16,23], [18,19], [20,31], [22,26], [27,29], [30,35], [32,39], [33,34], [36,52], [37,41], [38,42], [40,44], [43,53], [45,48], [46,47], [51,55], [56,57],
    [3,17], [7,18], [10,24], [12,15], [13,39], [14,21], [16,22], [19,20], [23,27], [26,30], [29,32], [31,33], [34,41], [35,37], [36,50], [38,46], [42,47], [44,49], [48,51], [52,54], [53,56], [55,57],
    [3,14], [7,16], [10,12], [11,13], [17,21], [18,22], [19,26], [20,30], [23,36], [24,40], [25,31], [27,43], [28,33], [29,35], [32,37], [39,41], [42,44], [47,49], [50,52],
    [0,3], [1,29], [2,7], [4,32], [6,25], [8,11], [9,28], [15,24], [17,42], [18,45], [19,23], [20,27], [22,48], [26,36], [30,43], [31,35], [33,37], [34,39], [40,46], [41,52], [44,47],
    [1,6], [4,9], [8,19], [11,34], [12,15], [13,39], [14,42], [16,45], [21,44], [23,26], [25,31], [27,30], [28,33], [35,47], [36,50], [37,51], [38,40], [43,53], [46,56], [49,52],
    [1,3], [4,7], [11,19], [12,20], [13,34], [14,17], [15,38], [16,18], [21,42], [22,45], [24,40], [25,29], [26,36], [28,32], [30,43], [35,44], [37,48], [41,50], [46,53], [54,56],
    [1,2], [6,25], [9,28], [13,23], [15,20], [24,38], [26,34], [29,31], [32,33], [36,39], [40,43], [47,50], [51,53],
    [6,14], [9,16], [13,19], [17,25], [18,28], [21,29], [22,32], [23,26], [24,27], [30,38], [31,42], [33,45], [34,36], [39,41], [43,46], [49,51], [52,53],
    [3,6], [7,9], [14,17], [16,18], [20,24], [21,25], [22,28], [27,30], [29,31], [32,33], [35,42], [37,45], [38,40], [41,44], [46,48], [53,55],
    [3,5], [6,8], [7,10], [9,12], [11,14], [13,17], [15,16], [18,20], [19,21], [22,24], [23,25], [26,29], [27,28], [30,32], [31,34], [33,38], [35,36], [37,40], [39,42], [43,45], [44,46], [48,50], [53,54], [55,56],
    [2,3], [4,6], [5,7], [8,10], [9,11], [12,14], [13,15], [16,19], [17,18], [20,23], [21,22], [24,26], [25,27], [28,30], [29,31], [32,34], [33,35], [36,38], [37,39], [40,42], [41,43], [45,47], [49,50], [52,53], [54,55],
    [4,5], [6,7], [8,9], [10,11], [12,13], [14,15], [16,17], [18,19], [20,21], [22,23], [24,25], [26,27], [28,29], [30,31], [32,33], [34,35], [36,37], [38,39], [40,41], [42,43], [44,45], [46,47], [48,49], [50,51],
    [3,4], [5,6], [7,8], [9,10], [11,12], [13,14], [15,16], [17,18], [19,20], [21,22], [23,24], [25,26], [27,28], [29,30], [31,32], [33,34], [35,36], [37,38], [39,40], [41,42], [43,44], [45,46], [47,48], [51,52]
  ]
}
