{
  "N": 43,
  "L": 303,
  "D": 19,
  "AVGSWAPS": 99.939295,
  "STDERR": 0.002684,
  "symmetric": false,
  "nw": [
    [0,36], [1,22], [2,42], [3,29], [4,18], [5,9], [6,24], [7,27], [8,12], [10,31], [11,19], [13,33], [14,37], [15,41], [16,17], [20,38], [21,39], [23,40], [25,30], [26,32], [28,35],
    [0,6], [1,28], [2,10], [3,14], [4,15], [5,25], [7,20], [8,21], [9,30], [11,16], [12,39], [13,26], [17,19], [18,41], [22,35], [23,34], [24,36], [27,38], [29,37], [31,42], [32,33],
    [0,5], [1,8], [2,11], [4,13], [6,25], [7,23], [9,24], [10,16], [12,22], [15,26], [17,31], [18,32], [19,42], [20,34], [21,28], [27,40], [30,36], [33,41], [35,39],
    [0,2], [1,3], [4,7], [5,11], [6,10], [8,21], [9,17], [12,29], [13,23], [14,28], [15,20], [16,25], [18,27], [19,30], [22,35], [24,31], [26,34], [32,40], [33,38], [36,42], [37,39],
    [0,4], [2,7], [3,12], [5,13], [6,15], [8,14], [9,18], [10,20], [11,23], [16,26], [17,27], [19,33], [24,32], [25,34], [28,37], [29,35], [30,38], [31,40], [36,41], [39,42],
    [0,1], [2,5], [3,8], [6,9], [7,13], [10,24], [11,19], [12,21], [15,18], [16,17], [20,32], [22,28], [23,33], [25,31], [26,27], [30,36], [34,40], [35,37], [38,41],
    [1,4], [7,18], [8,12], [10,16], [14,22], [17,24], [20,26], [21,29], [25,36], [27,32], [28,35], [34,39],
    [3,7], [4,9], [5,12], [8,15], [13,22], [14,23], [19,29], [21,30], [28,38], [31,35], [36,37],
    [2,8], [3,6], [4,5], [7,31], [9,19], [11,14], [12,18], [13,16], [15,36], [23,34], [25,28], [27,30], [29,33], [35,41], [37,40], [38,39],
    [1,2], [5,9], [6,11], [7,17], [8,13], [12,15], [14,21], [19,24], [20,23], [22,29], [26,36], [28,31], [30,35], [33,37], [34,38], [41,42],
    [1,3], [2,4], [5,8], [7,11], [9,13], [10,14], [16,19], [17,21], [18,24], [20,25], [22,26], [23,27], [29,32], [30,34], [33,36], [35,38], [39,41], [40,42],
    [2,3], [4,6], [8,9], [12,16], [14,20], [15,19], [17,25], [18,26], [23,28], [24,29], [27,31], [34,35], [37,39], [40,41],
    [4,10], [5,6], [9,12], [11,17], [13,16], [18,22], [19,24], [20,23], [21,25], [26,33], [27,30], [31,34], [32,39], [37,38],
    [3,4], [6,8], [7,10], [11,14], [15,18], [17,20], [19,22], [21,23], [24,26], [25,28], [29,33], [32,36], [35,37], [39,40],
    [4,5], [7,9], [8,10], [13,15], [16,18], [20,21], [22,24], [25,27], [28,30], [32,35], [34,36], [38,39],
    [6,7], [10,12], [11,13], [14,16], [15,17], [18,19], [23,25], [26,28], [27,29], [30,33], [31,32], [36,37],
    [5,6], [9,11], [12,15], [13,14], [16,17], [18,20], [19,21], [22,23], [24,25], [26,27], [28,31], [29,30], [33,34], [37,38],
    [8,9], [10,11], [12,13], [14,15], [16,18], [17,19], [20,22], [21,24], [23,26], [25,27], [28,29], [30,31], [32,33], [34,35],
    [7,8], [9,10], [11,12], [13,14], [15,16], [17,18], [19,20], [21,22], [23,24], [25,26], [27,28], [29,30], [31,32], [33,34], [35,36]
  ]
}
