{
  "N": 55,
  "L": 432,
  "D": 20,
  "AVGSWAPS": 147.448654,
  "STDERR": 0.003605,
  "symmetric": false,
  "nw": [
    [0,42], [1,53], [2,48], [3,32], [4,47], [5,21], [6,49], [7,39], [8,45], [9,22], [10,17], [11,29], [12,24], [13,16], [14,51], [15,30], [18,37], [19,44], [20,27], [23,43], [25,50], [26,40], [28,46], [31,54], [33,35], [34,38], [36,52],
    [0,26], [1,20], [2,5], [3,11], [4,14], [6,18], [7,8], [9,28], [10,15], [12,34], [13,31], [16,54], [17,30], [19,36], [21,48], [22,46], [23,33], [24,38], [25,41], [27,53], [29,32], [35,43], [37,49], [39,45], [40,42], [44,52], [47,51],
    [0,19], [1,12], [2,10], [3,13], [4,23], [5,26], [6,9], [7,25], [8,34], [11,33], [14,31], [15,36], [16,47], [17,44], [18,28], [20,41], [21,40], [22,37], [24,39], [27,50], [29,35], [30,48], [32,54], [38,53], [42,52], [43,51], [46,49],
    [0,2], [1,7], [3,4], [5,17], [8,27], [10,19], [11,16], [12,25], [13,23], [14,29], [15,21], [18,22], [20,24], [26,44], [28,37], [30,42], [31,35], [32,43], [33,47], [34,50], [36,40], [38,45], [39,41], [48,52], [51,54],
    [0,3], [1,6], [2,10], [4,13], [5,15], [7,12], [8,20], [9,22], [11,14], [16,31], [17,36], [19,30], [21,26], [23,32], [24,34], [25,38], [27,39], [28,46], [29,33], [35,47], [40,44], [41,50], [42,48], [43,51], [45,53], [49,54],
    [0,1], [2,5], [3,6], [4,11], [7,8], [9,18], [10,15], [12,20], [13,14], [16,29], [17,21], [22,28], [24,27], [26,36], [31,33], [34,39], [35,43], [37,46], [40,42], [41,45], [44,48], [47,51], [49,52], [50,53],
    [1,3], [2,7], [4,9], [5,10], [8,12], [11,13], [14,23], [15,19], [20,25], [30,40], [32,35], [38,41], [42,44], [43,47], [45,50], [46,53], [48,51], [52,54],
    [2,4], [5,11], [7,9], [8,18], [14,16], [15,17], [19,21], [20,24], [23,29], [25,27], [26,30], [31,32], [33,35], [34,38], [36,40], [37,47], [39,41], [44,50], [46,48], [51,53],
    [4,7], [5,8], [10,15], [11,18], [12,20], [13,14], [16,23], [17,19], [21,26], [24,25], [27,34], [29,31], [30,36], [32,33], [35,43], [37,44], [38,39], [40,42], [41,45], [47,50], [48,51],
    [1,5], [7,37], [8,11], [10,13], [12,22], [14,20], [16,24], [18,48], [19,21], [23,29], [25,27], [26,30], [28,43], [31,32], [33,39], [34,38], [35,41], [42,45], [44,47], [50,54],
    [6,31], [9,38], [10,12], [13,22], [14,15], [16,17], [19,25], [21,29], [23,46], [26,34], [27,49], [28,42], [30,32], [36,39], [40,41], [43,45],
    [3,28], [6,26], [7,16], [9,30], [12,13], [15,20], [17,24], [19,23], [21,27], [22,52], [25,46], [29,49], [31,34], [32,38], [33,36], [35,40], [39,48], [42,43],
    [3,14], [4,9], [5,6], [8,19], [11,33], [12,21], [13,35], [15,28], [17,37], [18,36], [20,42], [22,40], [24,44], [26,31], [27,29], [34,43], [38,47], [41,52], [46,51], [49,50],
    [2,3], [4,10], [9,17], [11,19], [13,21], [14,15], [18,23], [20,28], [22,35], [24,30], [25,33], [32,37], [34,42], [36,46], [38,44], [40,41], [45,51], [52,53],
    [1,2], [3,5], [6,15], [7,10], [16,17], [18,25], [20,26], [22,27], [23,33], [24,32], [28,31], [29,35], [30,37], [36,39], [40,49], [45,48], [50,52], [53,54],
    [3,4], [6,14], [9,16], [15,19], [17,22], [18,20], [21,24], [23,25], [26,28], [27,29], [30,32], [31,36], [33,34], [35,37], [38,40], [39,46], [41,49], [51,52],
    [4,5], [6,8], [9,12], [11,14], [13,16], [15,18], [17,21], [19,20], [22,24], [23,26], [25,28], [27,30], [29,32], [31,33], [34,36], [35,38], [37,40], [39,42], [41,44], [43,46], [47,49], [50,51],
    [5,7], [8,10], [9,11], [12,14], [13,15], [16,18], [17,19], [20,22], [21,23], [24,26], [25,27], [28,30], [29,31], [32,34], [33,35], [36,38], [37,39], [40,42], [41,43], [44,46], [45,47], [48,50],
    [6,7], [8,9], [10,11], [12,13], [14,15], [16,17], [18,19], [20,21], [22,23], [24,25], [26,27], [28,29], [30,31], [32,33], [34,35], [36,37], [38,39], [40,41], [42,43], [44,45], [46,47], [48,49],
    [5,6], [7,8], [9,10], [11,12], [13,14], [15,16], [17,18], [19,20], [21,22], [23,24], [25,26], [27,28], [29,30], [31,32], [33,34], [35,36], [37,38], [39,40], [41,42], [43,44], [45,46], [47,48], [49,50]
  ]
}
