{
  "N": 60,
  "L": 483,
  "D": 21,
  "AVGSWAPS": 165.646557,
  "STDERR": 0.004179,
  "symmetric": false,
  "nw": [
    [0,54], [1,56], [2,30], [3,36], [4,49], [5,40], [6,45], [7,53], [8,47], [9,48], [10,50], [11,35], [12,51], [14,44], [15,58], [16,43], [19,59], [20,33], [21,37], [22,52], [24,46], [25,39], [26,55], [27,41], [28,38], [29,42], [31,32], [34,57],
    [0,20], [1,16], [2,26], [3,22], [4,31], [6,29], [7,28], [9,27], [11,34], [12,24], [13,50], [15,21], [17,47], [18,40], [19,25], [23,44], [30,55], [32,49], [33,54], [35,57], [36,52], [37,58], [38,53], [39,59], [41,48], [42,45], [43,56], [46,51],
    [0,15], [1,12], [3,9], [5,30], [6,19], [8,32], [10,38], [13,28], [14,35], [16,46], [17,31], [18,26], [20,37], [21,33], [22,41], [23,34], [24,43], [25,42], [27,36], [29,39], [40,55], [44,57], [45,59], [47,49], [48,52], [50,53], [51,56], [54,58],
    [2,20], [4,22], [5,21], [7,16], [8,27], [9,17], [10,24], [11,25], [12,13], [14,29], [15,18], [19,23], [26,37], [28,46], [30,54], [31,41], [32,48], [33,40], [34,42], [35,45], [36,47], [38,51], [39,44], [43,50], [49,52], [53,56], [55,58], [57,59],
    [0,5], [1,10], [2,15], [3,8], [4,9], [6,14], [7,12], [11,19], [13,38], [16,43], [17,32], [18,30], [20,33], [21,26], [22,36], [23,35], [24,28], [25,39], [27,31], [29,34], [37,54], [40,55], [41,48], [42,45], [44,57], [46,51], [47,49], [50,53], [52,58], [56,59],
    [0,2], [1,7], [3,4], [5,15], [6,11], [8,9], [10,12], [13,24], [14,19], [17,27], [18,21], [23,29], [26,33], [28,43], [31,36], [34,39], [37,40], [41,47], [42,44], [45,57], [46,50], [48,49], [51,53], [52,56], [54,55], [58,59],
    [0,6], [1,3], [2,5], [4,8], [7,10], [9,22], [11,14], [12,16], [15,20], [19,25], [30,37], [32,41], [35,42], [38,46], [40,54], [44,45], [47,48], [49,55], [50,51], [53,57], [56,58],
    [0,1], [2,11], [3,6], [4,7], [9,17], [12,13], [15,18], [16,24], [19,23], [20,21], [22,27], [25,29], [26,30], [28,38], [31,32], [33,37], [34,35], [36,41], [39,42], [43,46], [45,51], [48,54], [49,53], [55,57],
    [1,3], [2,4], [5,15], [7,11], [8,9], [10,12], [13,16], [14,19], [17,22], [18,20], [21,26], [23,25], [24,28], [27,31], [29,34], [30,33], [32,36], [35,39], [37,40], [38,43], [41,47], [42,44], [45,48], [46,50], [51,54], [53,55],
    [4,7], [5,14], [8,10], [9,19], [12,15], [13,23], [16,24], [17,18], [20,21], [22,27], [25,29], [26,30], [28,38], [31,32], [33,39], [34,35], [36,43], [37,42], [40,50], [41,46], [44,47], [48,51],
    [5,8], [9,12], [10,14], [13,17], [15,19], [16,25], [18,23], [20,22], [21,27], [24,29], [26,34], [28,31], [30,35], [32,38], [33,36], [37,41], [39,43], [40,44], [42,46], [47,50],
    [1,13], [7,33], [8,10], [12,15], [16,20], [17,45], [19,40], [21,24], [22,25], [23,48], [26,28], [27,29], [30,32], [31,34], [35,38], [36,39], [41,42], [43,55], [44,47], [46,58],
    [1,2], [3,30], [4,16], [8,21], [10,37], [11,36], [12,26], [14,41], [15,19], [18,45], [20,49], [24,52], [25,53], [28,31], [29,56], [32,35], [34,47], [38,51], [40,44], [50,55], [57,58],
    [3,13], [4,9], [6,32], [7,16], [10,21], [11,20], [14,24], [15,26], [18,30], [19,28], [22,49], [25,36], [27,52], [29,41], [31,40], [34,44], [35,45], [38,48], [43,53], [46,56],
    [3,5], [6,17], [7,9], [19,26], [22,33], [23,32], [27,37], [28,31], [34,40], [39,49], [42,52], [50,53], [54,56],
    [2,3], [6,18], [11,22], [14,27], [17,30], [20,33], [23,35], [24,37], [25,39], [29,42], [32,45], [36,49], [41,52], [56,57],
    [6,13], [11,16], [14,21], [17,18], [20,22], [23,30], [24,27], [25,33], [29,37], [32,35], [36,39], [38,45], [41,42], [43,49], [46,52],
    [6,8], [10,13], [11,12], [14,17], [15,16], [18,21], [19,20], [22,26], [23,24], [25,28], [27,30], [29,32], [31,33], [34,36], [35,37], [38,41], [39,40], [42,45], [43,44], [46,48], [47,49], [51,52],
    [5,6], [8,10], [9,11], [12,14], [13,15], [16,19], [17,18], [20,22], [21,23], [24,26], [25,27], [28,30], [29,31], [32,35], [33,34], [36,38], [37,39], [40,43], [41,42], [44,46], [45,47], [48,51], [49,50], [52,54],
    [4,5], [6,7], [8,9], [10,11], [12,13], [14,15], [16,17], [18,19], [20,21], [22,23], [24,25], [26,27], [28,29], [30,31], [32,33], [34,35], [36,37], [38,39], [40,41], [42,43], [44,45], [46,47], [48,49], [50,51], [52,53], [54,55],
    [3,4], [5,6], [7,8], [9,10], [11,12], [13,14], [15,16], [17,18], [19,20], [21,22], [23,24], [25,26], [27,28], [29,30], [31,32], [33,34], [35,36], [37,38], [39,40], [41,42], [43,44], [45,46], [47,48], [49,50], [51,52], [53,54], [55,56]
  ]
}
