{
  "N": 47,
  "L": 340,
  "D": 19,
  "AVGSWAPS": 114.464045,
  "STDERR": 0.002968,
  "symmetric": false,
  "nw": [
    [0,24], [1,26], [2,13], [3,16], [4,35], [5,33], [6,39], [7,41], [8,18], [9,46], [10,27], [11,25], [12,31], [14,34], [15,30], [17,32], [19,38], [20,37], [21,43], [22,45], [23,42], [28,40], [29,44],
    [0,11], [1,17], [2,5], [3,20], [4,19], [6,29], [7,8], [9,12], [10,21], [13,33], [14,22], [15,28], [16,37], [18,41], [23,36], [24,25], [26,32], [27,43], [30,40], [31,46], [34,45], [35,38], [39,44],
    [0,6], [1,14], [2,15], [3,9], [4,10], [5,29], [7,23], [8,22], [11,28], [12,19], [13,39], [16,27], [17,36], [18,34], [20,21], [24,30], [25,44], [26,42], [31,35], [32,45], [33,40], [37,46], [38,43],
    [0,2], [1,7], [3,4], [5,24], [6,15], [8,26], [9,10], [11,13], [12,16], [14,23], [17,18], [19,27], [20,31], [21,35], [22,42], [25,33], [28,39], [29,30], [32,41], [34,36], [37,38], [40,44], [43,46],
    [0,3], [2,6], [4,9], [5,11], [7,14], [8,17], [10,37], [12,20], [13,29], [15,25], [16,21], [18,22], [19,31], [23,32], [24,28], [26,34], [27,35], [30,39], [33,40], [36,42], [38,43], [41,45], [44,46],
    [0,1], [2,5], [4,12], [6,11], [7,8], [9,20], [10,23], [13,24], [14,17], [16,19], [18,26], [21,31], [22,34], [25,37], [27,38], [28,29], [30,33], [35,43], [36,41], [39,40], [42,45],
    [1,3], [2,7], [5,12], [6,14], [10,15], [11,20], [13,18], [19,26], [21,28], [27,36], [29,34], [32,37], [33,41], [35,42], [40,45],
    [2,4], [5,8], [9,14], [11,17], [13,16], [15,23], [19,24], [22,28], [25,32], [30,36], [31,34], [33,38], [39,42], [43,45],
    [1,5], [3,13], [4,7], [6,9], [8,12], [15,19], [16,18], [17,20], [21,22], [24,26], [27,30], [28,32], [29,31], [34,44], [35,39], [38,41], [40,43], [42,46],
    [1,2], [3,6], [4,11], [5,10], [7,27], [13,25], [14,21], [19,24], [20,40], [22,28], [23,34], [26,33], [36,43], [37,42], [41,44], [45,46],
    [2,3], [4,5], [7,11], [8,14], [9,13], [10,16], [12,26], [17,25], [20,24], [21,35], [22,27], [23,30], [31,37], [33,39], [34,38], [36,40], [42,43], [44,45],
    [3,4], [5,6], [7,9], [8,10], [12,17], [16,21], [18,23], [20,22], [24,27], [25,29], [26,31], [30,35], [37,39], [38,40], [41,42], [43,44],
    [4,5], [6,8], [10,11], [12,15], [16,20], [17,19], [18,25], [21,22], [23,29], [24,26], [27,31], [28,30], [32,35], [36,37], [39,41], [42,43],
    [8,9], [10,12], [11,14], [13,18], [15,17], [19,25], [21,24], [22,26], [23,28], [29,34], [30,32], [33,36], [35,37], [38,39],
    [7,10], [9,12], [11,16], [13,15], [14,20], [17,18], [19,23], [25,28], [27,33], [29,30], [31,36], [32,34], [35,38], [37,40],
    [6,7], [11,13], [14,17], [15,16], [18,20], [19,21], [22,25], [23,24], [26,28], [27,29], [30,33], [31,32], [34,36], [40,41],
    [5,6], [10,11], [12,14], [13,15], [16,17], [18,19], [20,21], [22,23], [24,25], [26,27], [28,29], [30,31], [32,34], [33,35], [36,37], [41,42],
    [8,10], [9,11], [12,13], [14,15], [16,18], [17,19], [20,22], [21,23], [24,26], [25,27], [28,30], [29,31], [32,33], [34,35], [36,38], [37,39],
    [7,8], [9,10], [11,12], [13,14], [15,16], [17,18], [19,20], [21,22], [23,24], [25,26], [27,28], [29,30], [31,32], [33,34], [35,36], [37,38], [39,40]
  ]
}
