{
  "N": 20,
  "L": 91,
  "D": 12,
  "AVGSWAPS": 32.642539,
  "STDERR": 0.001335,
  "symmetric": true,
  "nw": [
    [0,19], [1,18], [2,17], [3,16], [4,15], [5,14], [6,13], [7,12], [8,11], [9,10],
    [0,9], [1,7], [2,8], [3,6], [4,5], [10,19], [11,17], [12,18], [13,16], [14,15],
    [0,2], [1,4], [5,12], [7,14], [8,10], [9,11], [15,18], [17,19],
    [0,3], [2,7], [4,9], [5,8], [10,15], [11,14], [12,17], [16,19],
    [1,5], [6,11], [8,13], [14,18],
    [0,1], [3,5], [4,8], [6,9], [10,13], [11,15], [14,16], [18,19],
    [1,3], [2,6], [5,8], [7,10], [9,12], [11,14], [13,17], [16,18],
    [2,4], [5,7], [8,10], [9,11], [12,14], [15,17],
    [1,2], [3,4], [6,8], [7,9], [10,12], [11,13], [15,16], [17,18],
    [2,3], [4,6], [5,7], [8,10], [9,11], [12,14], [13,15], [16,17],
    [4,5], [6,7], [8,9], [10,11], [12,13], [14,15],
    [3,4], [5,6], [7,8], [9,10], [11,12], [13,14], [15,16]
  ]
}
