{
  "N": 38,
  "L": 250,
  "D": 17,
  "AVGSWAPS": 87.331478,
  "STDERR": 0.002542,
  "symmetric": true,
  "nw": [
    [0,26], [1,14], [2,18], [3,24], [4,7], [5,27], [6,20], [8,15], [9,28], [10,32], [11,37], [12,16], [13,34], [17,31], [19,35], [21,25], [22,29], [23,36], [30,33],
    [0,4], [1,17], [2,19], [3,10], [5,13], [6,23], [7,26], [8,12], [11,30], [14,31], [15,16], [18,35], [20,36], [21,22], [24,32], [25,29], [27,34], [33,37],
    [0,6], [1,11], [2,9], [3,21], [4,23], [5,8], [7,20], [10,22], [12,13], [14,33], [15,27], [16,34], [17,30], [24,25], [26,36], [28,35], [29,32], [31,37],
    [0,5], [1,3], [4,12], [6,8], [7,15], [9,19], [10,17], [11,21], [13,23], [14,24], [16,26], [18,28], [20,27], [22,30], [25,33], [29,31], [32,37], [34,36],
    [0,1], [3,5], [4,10], [6,11], [7,14], [8,21], [9,18], [12,17], [13,22], [15,24], [16,29], [19,28], [20,25], [23,30], [26,31], [27,33], [32,34], [36,37],
    [3,6], [4,7], [5,11], [8,16], [10,14], [12,20], [13,15], [17,25], [21,29], [22,24], [23,27], [26,32], [30,33], [31,34],
    [2,10], [3,9], [5,19], [11,14], [12,13], [15,20], [17,22], [18,32], [23,26], [24,25], [27,35], [28,34],
    [1,13], [2,6], [5,8], [9,12], [10,15], [22,27], [24,36], [25,28], [29,32], [31,35],
    [1,3], [2,4], [11,12], [13,18], [15,21], [16,22], [19,24], [25,26], [33,35], [34,36],
    [0,2], [4,5], [7,13], [8,25], [12,29], [14,18], [16,20], [17,21], [19,23], [24,30], [32,33], [35,37],
    [1,2], [3,7], [6,13], [8,10], [11,16], [12,20], [14,22], [15,23], [17,25], [21,26], [24,31], [27,29], [30,34], [35,36],
    [3,4], [5,8], [6,9], [10,13], [12,16], [14,17], [15,19], [18,22], [20,23], [21,25], [24,27], [28,31], [29,32], [33,34],
    [2,3], [4,6], [7,9], [8,11], [10,14], [12,15], [13,17], [16,19], [18,21], [20,24], [22,25], [23,27], [26,29], [28,30], [31,33], [34,35],
    [3,4], [5,7], [6,8], [9,11], [10,12], [13,15], [14,16], [17,19], [18,20], [21,23], [22,24], [25,27], [26,28], [29,31], [30,32], [33,34],
    [4,5], [7,8], [9,10], [11,12], [13,14], [15,17], [16,18], [19,21], [20,22], [23,24], [25,26], [27,28], [29,30], [32,33],
    [5,6], [7,9], [8,10], [11,13], [12,14], [15,16], [17,18], [19,20], [21,22], [23,25], [24,26], [27,29], [28,30], [31,32],
    [6,7], [8,9], [10,11], [12,13], [14,15], [16,17], [18,19], [20,21], [22,23], [24,25], [26,27], [28,29], [30,31]
  ]
}
