{
  "N": 29,
  "L": 164,
  "D": 15,
  "AVGSWAPS": 57.412769,
  "STDERR": 0.001893,
  "symmetric": false,
  "nw": [
    [0,8], [1,7], [2,18], [3,26], [4,15], [5,21], [6,25], [9,22], [11,23], [12,28], [13,14], [16,19], [17,24], [20,27],
    [0,6], [1,9], [2,13], [3,16], [7,22], [8,25], [10,21], [11,20], [12,17], [14,18], [19,26], [23,27], [24,28],
    [0,12], [1,11], [2,3], [4,10], [6,17], [7,23], [8,24], [9,20], [13,16], [14,19], [15,21], [18,26], [22,27], [25,28],
    [0,2], [3,12], [4,11], [5,22], [6,13], [8,14], [10,20], [15,23], [16,17], [18,25], [19,24], [21,27], [26,28],
    [1,4], [2,8], [3,9], [5,16], [6,15], [7,13], [10,19], [11,14], [17,22], [20,24], [21,25], [23,26], [27,28],
    [0,5], [3,6], [7,10], [9,12], [13,19], [14,20], [15,18], [16,17], [22,27], [25,26],
    [0,1], [2,5], [4,7], [6,8], [9,15], [12,19], [13,16], [17,20], [18,23], [22,25], [26,27],
    [1,3], [2,4], [5,11], [7,8], [9,10], [12,21], [13,14], [17,18], [19,20], [22,24], [25,26],
    [1,2], [3,5], [4,9], [6,7], [8,11], [10,15], [12,17], [14,16], [18,22], [21,23], [24,27],
    [3,6], [5,8], [10,13], [14,15], [16,19], [17,21], [20,23], [24,26],
    [2,3], [4,6], [5,7], [8,12], [11,17], [18,21], [20,22], [23,25],
    [3,4], [7,9], [8,10], [11,13], [12,14], [15,17], [16,18], [19,21], [23,24],
    [5,7], [6,8], [9,12], [10,11], [13,15], [14,16], [17,18], [19,20], [21,22], [24,25],
    [5,6], [7,8], [9,10], [11,12], [13,14], [15,16], [17,19], [18,20], [21,23],
    [4,5], [6,7], [8,9], [10,11], [12,13], [14,15], [16,17], [18,19], [20,21], [22,23]
  ]
}
