{
  "N": 48,
  "L": 346,
  "D": 19,
  "AVGSWAPS": 118.927874,
  "STDERR": 0.002904,
  "symmetric": true,
  "nw": [
    [0,25], [1,18], [2,30], [3,16], [4,35], [5,33], [6,11], [7,27], [8,32], [9,37], [10,38], [12,43], [13,19], [14,42], [15,39], [17,45], [20,40], [21,24], [22,47], [23,26], [28,34], [29,46], [31,44], [36,41],
    [0,29], [1,22], [2,5], [3,12], [4,31], [6,21], [7,8], [9,13], [10,28], [11,24], [14,17], [15,20], [16,43], [18,47], [19,37], [23,36], [25,46], [26,41], [27,32], [30,33], [34,38], [35,44], [39,40], [42,45],
    [0,6], [1,23], [2,15], [3,9], [4,10], [5,29], [7,14], [8,36], [11,39], [12,28], [13,31], [16,34], [17,22], [18,42], [19,35], [20,21], [24,46], [25,30], [26,27], [32,45], [33,40], [37,43], [38,44], [41,47],
    [0,2], [1,7], [3,4], [5,11], [6,15], [8,18], [9,10], [12,19], [13,16], [14,23], [17,26], [20,25], [21,30], [22,27], [24,33], [28,35], [29,39], [31,34], [32,41], [36,42], [37,38], [40,46], [43,44], [45,47],
    [0,3], [2,6], [4,9], [5,20], [7,14], [8,17], [10,37], [11,21], [12,13], [15,24], [16,28], [18,22], [19,31], [23,32], [25,29], [26,36], [27,42], [30,39], [33,40], [34,35], [38,43], [41,45], [44,47],
    [0,1], [2,5], [4,12], [6,20], [7,8], [9,13], [10,23], [11,25], [14,17], [16,19], [18,26], [21,29], [22,36], [24,37], [27,41], [28,31], [30,33], [34,38], [35,43], [39,40], [42,45], [46,47],
    [1,3], [2,7], [5,12], [6,14], [10,15], [11,18], [13,20], [19,26], [21,28], [27,34], [29,36], [32,37], [33,41], [35,42], [40,45], [44,46],
    [2,4], [5,8], [9,14], [11,16], [13,17], [15,23], [19,25], [22,28], [24,32], [30,34], [31,36], [33,38], [39,42], [43,45],
    [1,5], [3,11], [4,7], [6,9], [8,12], [15,19], [16,18], [17,20], [21,22], [25,26], [27,30], [28,32], [29,31], [35,39], [36,44], [38,41], [40,43], [42,46],
    [1,2], [3,6], [4,13], [5,10], [7,27], [11,24], [14,21], [19,25], [20,40], [22,28], [23,36], [26,33], [34,43], [37,42], [41,44], [45,46],
    [2,3], [4,5], [7,13], [8,14], [9,11], [10,16], [12,26], [17,24], [20,25], [21,35], [22,27], [23,30], [31,37], [33,39], [34,40], [36,38], [42,43], [44,45],
    [3,4], [5,6], [7,9], [8,10], [12,17], [16,21], [18,23], [20,22], [24,29], [25,27], [26,31], [30,35], [37,39], [38,40], [41,42], [43,44],
    [4,5], [6,8], [10,13], [12,15], [16,20], [17,19], [18,24], [21,22], [23,29], [25,26], [27,31], [28,30], [32,35], [34,37], [39,41], [42,43],
    [8,9], [10,12], [11,18], [13,14], [15,17], [19,24], [21,25], [22,26], [23,28], [29,36], [30,32], [33,34], [35,37], [38,39],
    [7,10], [9,12], [11,15], [13,16], [14,20], [17,18], [19,23], [24,28], [27,33], [29,30], [31,34], [32,36], [35,38], [37,40],
    [6,7], [11,13], [14,17], [15,16], [18,20], [19,21], [22,24], [23,25], [26,28], [27,29], [30,33], [31,32], [34,36], [40,41],
    [5,6], [10,11], [12,14], [13,15], [16,17], [18,19], [20,21], [22,23], [24,25], [26,27], [28,29], [30,31], [32,34], [33,35], [36,37], [41,42],
    [8,10], [9,11], [12,13], [14,15], [16,18], [17,19], [20,22], [21,23], [24,26], [25,27], [28,30], [29,31], [32,33], [34,35], [36,38], [37,39],
    [7,8], [9,10], [11,12], [13,14], [15,16], [17,18], [19,20], [21,22], [23,24], [25,26], [27,28], [29,30], [31,32], [33,34], [35,36], [37,38], [39,40]
  ]
}
