{
  "N": 18,
  "L": 77,
  "D": 12,
  "AVGSWAPS": 27.561682,
  "STDERR": 0.001271,
  "symmetric": true,
  "nw": [
    [0,11], [1,8], [2,13], [3,12], [4,15], [5,14], [6,17], [7,10], [9,16],
    [0,5], [1,9], [2,7], [3,6], [8,16], [10,15], [11,14], [12,17],
    [0,3], [5,12], [6,11], [14,17],
    [0,2], [4,6], [5,10], [7,12], [11,13], [15,17],
    [1,4], [3,7], [6,9], [8,11], [10,14], [13,16],
    [0,1], [3,6], [4,7], [5,8], [9,12], [10,13], [11,14], [16,17],
    [1,5], [2,4], [7,9], [8,10], [12,16], [13,15],
    [2,3], [4,6], [7,10], [11,13], [14,15],
    [1,2], [3,5], [4,8], [6,10], [7,11], [9,13], [12,14], [15,16],
    [2,3], [5,7], [6,8], [9,11], [10,12], [14,15],
    [4,5], [6,7], [8,9], [10,11], [12,13],
    [3,4], [5,6], [7,8], [9,10], [11,12], [13,14]
  ]
}
