{
  "N": 56,
  "L": 438,
  "D": 20,
  "AVGSWAPS": 152.891996,
  "STDERR": 0.003675,
  "symmetric": true,
  "nw": [
    [0,53], [1,51], [2,55], [3,32], [4,54], [5,29], [6,44], [7,40], [8,16], [9,19], [10,27], [11,49], [12,30], [13,38], [14,21], [15,48], [17,42], [18,22], [20,24], [23,52], [25,43], [26,50], [28,45], [31,35], [33,37], [34,41], [36,46], [39,47],
    [0,39], [1,26], [2,8], [3,9], [4,5], [6,33], [7,28], [10,15], [11,18], [12,14], [13,20], [16,55], [17,31], [19,32], [21,30], [22,49], [23,36], [24,38], [25,34], [27,48], [29,54], [35,42], [37,44], [40,45], [41,43], [46,52], [47,53], [50,51],
    [0,25], [1,17], [2,12], [3,10], [4,13], [5,39], [6,11], [7,23], [8,26], [9,28], [14,31], [15,36], [16,50], [18,33], [19,40], [20,34], [21,35], [22,37], [24,41], [27,46], [29,47], [30,55], [32,48], [38,54], [42,51], [43,53], [44,49], [45,52],
    [0,4], [1,2], [3,7], [5,24], [8,21], [9,27], [10,23], [12,17], [13,25], [14,16], [15,19], [18,22], [20,29], [26,35], [28,46], [30,42], [31,50], [32,45], [33,37], [34,47], [36,40], [38,43], [39,41], [48,52], [51,55], [53,54],
    [0,3], [1,6], [2,12], [4,13], [5,20], [7,10], [8,14], [9,15], [11,22], [16,26], [17,30], [19,28], [21,31], [23,32], [24,34], [25,38], [27,36], [29,39], [33,44], [35,50], [40,46], [41,47], [42,51], [43,53], [45,48], [49,54], [52,55],
    [0,1], [2,8], [3,6], [4,5], [7,9], [10,15], [11,18], [12,14], [13,20], [16,21], [19,27], [22,33], [24,29], [26,31], [28,36], [34,39], [35,42], [37,44], [40,45], [41,43], [46,48], [47,53], [49,52], [50,51], [54,55],
    [1,3], [2,7], [4,11], [5,13], [8,12], [9,10], [14,17], [15,23], [20,25], [30,35], [32,40], [38,41], [42,50], [43,47], [44,51], [45,46], [48,53], [52,54],
    [2,4], [5,9], [7,11], [8,18], [14,16], [15,19], [17,21], [20,24], [23,27], [25,29], [26,30], [28,32], [31,35], [34,38], [36,40], [37,47], [39,41], [44,48], [46,50], [51,53],
    [4,7], [5,8], [9,18], [10,15], [12,14], [13,20], [16,17], [19,23], [21,26], [24,25], [27,28], [29,34], [30,31], [32,36], [35,42], [37,46], [38,39], [40,45], [41,43], [47,50], [48,51],
    [1,5], [7,37], [8,9], [10,13], [12,22], [14,20], [16,24], [17,21], [18,48], [23,27], [25,29], [26,30], [28,32], [31,39], [33,43], [34,38], [35,41], [42,45], [46,47], [50,54],
    [6,34], [10,12], [11,30], [13,22], [14,15], [16,19], [17,23], [21,49], [25,44], [26,28], [27,29], [32,38], [33,42], [36,39], [40,41], [43,45],
    [3,33], [6,26], [7,16], [11,32], [12,13], [15,20], [17,25], [19,24], [21,27], [22,52], [23,44], [28,34], [29,49], [30,38], [31,36], [35,40], [39,48], [42,43],
    [3,14], [4,11], [5,6], [8,17], [9,31], [12,21], [13,35], [15,33], [18,36], [19,37], [20,42], [22,40], [24,46], [26,28], [27,29], [34,43], [38,47], [41,52], [44,51], [49,50],
    [2,3], [4,10], [9,17], [11,19], [13,21], [14,15], [18,25], [20,33], [22,35], [23,31], [24,32], [30,37], [34,42], [36,44], [38,46], [40,41], [45,51], [52,53],
    [1,2], [3,5], [6,15], [7,10], [16,19], [18,23], [20,26], [22,27], [24,30], [25,31], [28,33], [29,35], [32,37], [36,39], [40,49], [45,48], [50,52], [53,54],
    [3,4], [6,14], [11,16], [15,17], [18,20], [19,22], [21,24], [23,25], [26,28], [27,29], [30,32], [31,34], [33,36], [35,37], [38,40], [39,44], [41,49], [51,52],
    [4,5], [6,8], [9,14], [11,12], [13,16], [15,18], [17,20], [19,21], [22,24], [23,26], [25,28], [27,30], [29,32], [31,33], [34,36], [35,38], [37,40], [39,42], [41,46], [43,44], [47,49], [50,51],
    [5,7], [8,10], [9,11], [12,14], [13,15], [16,18], [17,19], [20,22], [21,23], [24,26], [25,27], [28,30], [29,31], [32,34], [33,35], [36,38], [37,39], [40,42], [41,43], [44,46], [45,47], [48,50],
    [6,7], [8,9], [10,11], [12,13], [14,15], [16,17], [18,19], [20,21], [22,23], [24,25], [26,27], [28,29], [30,31], [32,33], [34,35], [36,37], [38,39], [40,41], [42,43], [44,45], [46,47], [48,49],
    [5,6], [7,8], [9,10], [11,12], [13,14], [15,16], [17,18], [19,20], [21,22], [23,24], [25,26], [27,28], [29,30], [31,32], [33,34], [35,36], [37,38], [39,40], [41,42], [43,44], [45,46], [47,48], [49,50]
  ]
}
