{
  "N": 26,
  "L": 139,
  "D": 14,
  "AVGSWAPS": 49.362938,
  "STDERR": 0.001763,
  "symmetric": true,
  "nw": [
    [0,17], [1,24], [2,22], [3,23], [4,5], [6,9], [7,15], [8,25], [10,18], [11,12], [13,14], [16,19], [20,21],
    [0,4], [1,16], [2,13], [3,11], [5,17], [7,10], [8,20], [9,24], [12,23], [14,22], [15,18], [21,25],
    [0,2], [1,7], [3,8], [4,13], [5,14], [6,16], [9,19], [11,20], [12,21], [17,22], [18,24], [23,25],
    [0,3], [1,6], [2,8], [4,11], [5,12], [7,18], [9,15], [10,16], [13,20], [14,21], [17,23], [19,24], [22,25],
    [0,1], [4,9], [6,7], [10,11], [14,15], [16,21], [18,19], [24,25],
    [1,3], [2,6], [5,10], [7,12], [9,14], [11,16], [13,18], [15,20], [19,23], [22,24],
    [1,4], [2,5], [3,13], [8,14], [9,10], [11,17], [12,22], [15,16], [20,23], [21,24],
    [1,2], [3,4], [6,11], [7,8], [10,13], [12,15], [14,19], [17,18], [21,22], [23,24],
    [5,7], [6,9], [8,14], [10,12], [11,17], [13,15], [16,19], [18,20],
    [3,5], [4,7], [8,11], [14,17], [18,21], [20,22],
    [2,3], [4,6], [7,9], [8,10], [11,13], [12,14], [15,17], [16,18], [19,21], [22,23],
    [3,4], [5,7], [6,8], [9,12], [10,11], [13,16], [14,15], [17,19], [18,20], [21,22],
    [5,6], [7,8], [9,10], [11,12], [13,14], [15,16], [17,18], [19,20],
    [4,5], [6,7], [8,9], [10,11], [12,13], [14,15], [16,17], [18,19], [20,21]
  ]
}
